ID_Venta,Fecha,Producto,Categoria,Canal,Precio_Venta,Costo_Repo,Comision_Plat,Costo_Envio
1,2026-04-23 09:00:00,Pre-Entreno Explosive,Suplementos,Instagram/Directo,21296.89,15000,0.0,0
2,2026-04-05 15:00:00,Creatina Micronizada 300g,Creatinas,ML_Premium,30934.06,21000,9280.22,3500
3,2026-01-12 20:00:00,Shaker Pro,Accesorios,ML_Clasico,4954.82,3500,743.22,0
4,2026-03-02 05:00:00,Glutamina 300g,Suplementos,Instagram/Directo,20481.99,14000,0.0,0
5,2026-01-08 22:00:00,Creatina Micronizada 300g,Creatinas,ML_Premium,31050.11,21000,9315.03,3500
6,2026-02-16 17:00:00,Proteína Isolate 1kg,Proteínas,Instagram/Directo,43934.59,32000,0.0,3500
7,2026-02-08 07:00:00,Creatina Monohidrato 300g,Creatinas,Instagram/Directo,26920.1,18000,0.0,0
8,2026-02-28 08:00:00,Glutamina 300g,Suplementos,Instagram/Directo,19110.02,14000,0.0,0
10,2026-04-11 18:00:00,Proteína Whey 1kg,Proteínas,ML_Clasico,37306.32,25000,5595.95,3500
11,2026-02-09 23:00:00,Cinto de Cuero Gym,Accesorios,ML_Clasico,20698.33,15000,3104.75,0
12,2026-02-20 12:00:00,Aminoácidos BCAA 200g,Suplementos,Instagram/Directo,17499.68,12000,0.0,0
13,2026-02-25 07:00:00,Creatina Micronizada 300g,Creatinas,ML_Clasico,29623.4,21000,4443.51,0
14,2026-01-28 10:00:00,Creatina Monohidrato 300g,Creatinas,ML_Premium,25367.6,18000,7610.28,0
15,2026-02-14 23:00:00,Proteína Isolate 1kg,Proteínas,Instagram/Directo,46971.28,32000,0.0,3500
16,2026-03-17 01:00:00,Creatina Monohidrato 300g,Creatinas,ML_Premium,24983.95,18000,7495.18,0
17,2026-03-03 10:00:00,Aminoácidos BCAA 200g,Suplementos,ML_Premium,17127.93,12000,5138.38,0
18,2026-05-01 12:00:00,Creatina Monohidrato 300g,Creatinas,ML_Premium,25858.68,18000,7757.6,0
19,2026-01-09 22:00:00,Creatina Micronizada 300g,Creatinas,ML_Premium,29318.06,21000,8795.42,0
20,2026-04-30 21:00:00,Creatina Monohidrato 500g,Creatinas,ML_Premium,37587.75,26000,11276.33,3500
21,2026-03-22 05:00:00,Shaker Pro,Accesorios,Instagram/Directo,5138.78,3500,0.0,0
22,2026-02-10 14:00:00,Creatina Micronizada 300g,Creatinas,Instagram/Directo,31429.85,21000,0.0,3500
23,2026-01-14 00:00:00,Creatina Micronizada 300g,Creatinas,ML_Premium,30860.33,21000,9258.1,3500
24,2026-04-16 22:00:00,Glutamina 300g,Suplementos,ML_Premium,20127.59,14000,6038.28,0
25,2026-02-10 14:00:00,Cinto de Cuero Gym,Accesorios,ML_Premium,20919.98,15000,6276.0,0
26,2026-02-11 03:00:00,Pre-Entreno Explosive,Suplementos,Instagram/Directo,20573.77,15000,0.0,0
27,2026-04-30 05:00:00,Aminoácidos BCAA 200g,Suplementos,ML_Clasico,17016.11,12000,2552.42,0
28,2026-04-02 06:00:00,Proteína Whey 1kg,Proteínas,ML_Premium,34758.54,25000,10427.56,3500
29,2026-01-22 14:00:00,Shaker Pro,Accesorios,ML_Clasico,4739.4,3500,710.91,0
30,2026-01-29 05:00:00,Proteína Vegana 900g,Proteínas,ML_Premium,41045.4,28000,12313.62,3500
31,2026-04-16 08:00:00,Proteína Isolate 1kg,Proteínas,ML_Clasico,43576.04,32000,6536.41,3500
32,2026-02-28 06:00:00,Proteína Vegana 900g,Proteínas,ML_Clasico,41536.9,28000,6230.53,3500
33,2026-03-07 18:00:00,Cinto de Cuero Gym,Accesorios,ML_Clasico,20764.92,15000,3114.74,0
34,2026-03-21 06:00:00,Straps de Agarre,Accesorios,ML_Clasico,6678.16,4500,1001.72,0
35,2026-02-19 18:00:00,Creatina Monohidrato 500g,Creatinas,Instagram/Directo,37969.88,26000,0.0,3500
36,2026-04-12 20:00:00,Pre-Entreno Explosive,Suplementos,ML_Premium,20491.89,15000,6147.57,0
37,2026-01-28 08:00:00,Proteína Isolate 1kg,Proteínas,ML_Clasico,43648.0,32000,6547.2,3500
38,2026-01-15 22:00:00,Glutamina 300g,Suplementos,Instagram/Directo,18932.55,14000,0.0,0
39,2026-04-07 08:00:00,Pre-Entreno Explosive,Suplementos,ML_Clasico,21435.17,15000,3215.28,0
40,2026-01-19 05:00:00,Glutamina 300g,Suplementos,Instagram/Directo,19821.44,14000,0.0,0
41,2026-02-10 23:00:00,Proteína Whey 1kg,Proteínas,ML_Clasico,36889.87,25000,5533.48,3500
42,2026-02-17 16:00:00,Shaker Pro,Accesorios,ML_Clasico,5158.62,3500,773.79,0
43,2026-02-13 07:00:00,Creatina Micronizada 300g,Creatinas,ML_Clasico,30023.44,21000,4503.52,3500
44,2026-02-16 11:00:00,Creatina Micronizada 300g,Creatinas,ML_Clasico,29173.77,21000,4376.07,0
46,2026-01-31 17:00:00,Creatina Monohidrato 500g,Creatinas,ML_Clasico,37767.08,26000,5665.06,3500
47,2026-03-25 15:00:00,Straps de Agarre,Accesorios,Instagram/Directo,6745.42,4500,0.0,0
48,2026-01-13 12:00:00,Straps de Agarre,Accesorios,ML_Clasico,6620.07,4500,993.01,0
49,2026-02-21 17:00:00,Shaker Pro,Accesorios,ML_Clasico,5145.86,3500,771.88,0
50,2026-04-11 10:00:00,Creatina Monohidrato 500g,Creatinas,ML_Premium,37191.5,26000,11157.45,3500
51,2026-04-30 19:00:00,Shaker Pro,Accesorios,ML_Clasico,5029.1,3500,754.37,0
52,2026-01-04 13:00:00,Creatina Monohidrato 300g,Creatinas,ML_Clasico,26834.49,18000,4025.17,0
53,2026-04-25 12:00:00,Cinto de Cuero Gym,Accesorios,Instagram/Directo,20253.39,15000,0.0,0
54,2026-03-05 22:00:00,Creatina Monohidrato 500g,Creatinas,ML_Clasico,36228.38,26000,5434.26,3500
55,2026-03-17 22:00:00,Pre-Entreno Explosive,Suplementos,Instagram/Directo,22312.81,15000,0.0,0
56,2026-01-11 21:00:00,Straps de Agarre,Accesorios,Instagram/Directo,6529.75,4500,0.0,0
57,2026-04-07 06:00:00,Creatina Micronizada 300g,Creatinas,ML_Premium,29292.91,21000,8787.87,0
58,2026-01-05 09:00:00,Shaker Pro,Accesorios,ML_Clasico,5214.36,3500,782.15,0
59,2026-02-15 20:00:00,Creatina Micronizada 300g,Creatinas,ML_Clasico,30870.39,21000,4630.56,3500
60,2026-02-01 06:00:00,Aminoácidos BCAA 200g,Suplementos,ML_Clasico,16485.19,12000,2472.78,0
61,2026-02-10 21:00:00,Shaker Pro,Accesorios,ML_Clasico,4988.96,3500,748.34,0
62,2026-01-06 17:00:00,Creatina Micronizada 300g,Creatinas,Instagram/Directo,29768.94,21000,0.0,0
63,2026-04-15 12:00:00,Cinto de Cuero Gym,Accesorios,Instagram/Directo,21096.41,15000,0.0,0
64,2026-01-20 23:00:00,Cinto de Cuero Gym,Accesorios,ML_Premium,21234.38,15000,6370.32,0
65,2026-03-05 12:00:00,Aminoácidos BCAA 200g,Suplementos,ML_Premium,17470.79,12000,5241.24,0
66,2026-01-04 13:00:00,Cinto de Cuero Gym,Accesorios,ML_Premium,20900.61,15000,6270.18,0
68,2026-03-30 00:00:00,Straps de Agarre,Accesorios,Instagram/Directo,6337.66,4500,0.0,0
69,2026-04-07 19:00:00,Cinto de Cuero Gym,Accesorios,ML_Clasico,20316.63,15000,3047.49,0
70,2026-04-09 01:00:00,Creatina Monohidrato 500g,Creatinas,Instagram/Directo,37390.21,26000,0.0,3500
71,2026-02-16 12:00:00,Creatina Monohidrato 500g,Creatinas,Instagram/Directo,36559.2,26000,0.0,3500
72,2026-04-03 18:00:00,Straps de Agarre,Accesorios,ML_Clasico,6697.87,4500,1004.68,0
73,2026-02-06 22:00:00,Cinto de Cuero Gym,Accesorios,Instagram/Directo,22088.3,15000,0.0,0
74,2026-04-03 08:00:00,Creatina Monohidrato 500g,Creatinas,ML_Clasico,37291.67,26000,5593.75,3500
75,2026-04-26 04:00:00,Creatina Monohidrato 500g,Creatinas,Instagram/Directo,38535.03,26000,0.0,3500
76,2026-01-20 16:00:00,Shaker Pro,Accesorios,ML_Clasico,5222.75,3500,783.41,0
77,2026-01-30 04:00:00,Cinto de Cuero Gym,Accesorios,ML_Premium,21251.78,15000,6375.53,0
78,2026-01-01 11:00:00,Proteína Whey 1kg,Proteínas,ML_Premium,36681.28,25000,11004.38,3500
79,2026-04-08 01:00:00,Creatina Micronizada 300g,Creatinas,ML_Clasico,31054.38,21000,4658.16,3500
80,2026-02-22 01:00:00,Proteína Whey 1kg,Proteínas,Instagram/Directo,36737.76,25000,0.0,3500
81,2026-04-06 04:00:00,Proteína Whey 1kg,Proteínas,Instagram/Directo,34337.14,25000,0.0,3500
82,2026-04-17 09:00:00,Glutamina 300g,Suplementos,ML_Premium,19559.3,14000,5867.79,0
83,2026-03-27 14:00:00,Aminoácidos BCAA 200g,Suplementos,Instagram/Directo,17996.52,12000,0.0,0
84,2026-02-15 00:00:00,Proteína Whey 1kg,Proteínas,ML_Premium,34399.5,25000,10319.85,3500
85,2026-01-09 17:00:00,Creatina Micronizada 300g,Creatinas,ML_Clasico,30083.11,21000,4512.47,3500
86,2026-03-05 08:00:00,Cinto de Cuero Gym,Accesorios,ML_Premium,22309.81,15000,6692.94,0
87,2026-03-01 06:00:00,Pre-Entreno Explosive,Suplementos,ML_Clasico,22391.0,15000,3358.65,0
88,2026-01-05 02:00:00,Cinto de Cuero Gym,Accesorios,ML_Premium,20971.52,15000,6291.46,0
89,2026-04-20 21:00:00,Creatina Monohidrato 500g,Creatinas,Instagram/Directo,37626.35,26000,0.0,3500
90,2026-03-18 19:00:00,Creatina Monohidrato 300g,Creatinas,ML_Clasico,25683.91,18000,3852.59,0
91,2026-02-19 05:00:00,Proteína Vegana 900g,Proteínas,ML_Clasico,40226.23,28000,6033.93,3500
92,2026-01-29 21:00:00,Glutamina 300g,Suplementos,ML_Premium,19898.16,14000,5969.45,0
93,2026-03-09 15:00:00,Proteína Whey 1kg,Proteínas,ML_Clasico,36018.24,25000,5402.74,3500
94,2026-03-28 02:00:00,Creatina Micronizada 300g,Creatinas,ML_Clasico,28416.48,21000,4262.47,0
95,2026-04-15 10:00:00,Straps de Agarre,Accesorios,ML_Clasico,6531.82,4500,979.77,0
96,2026-03-14 16:00:00,Proteína Whey 1kg,Proteínas,ML_Premium,36015.89,25000,10804.77,3500
97,2026-03-21 21:00:00,Straps de Agarre,Accesorios,ML_Clasico,6281.49,4500,942.22,0
98,2026-04-14 03:00:00,Straps de Agarre,Accesorios,Instagram/Directo,6370.54,4500,0.0,0
99,2026-02-13 14:00:00,Proteína Vegana 900g,Proteínas,ML_Premium,40666.45,28000,12199.94,3500
100,2026-03-03 14:00:00,Creatina Monohidrato 300g,Creatinas,Instagram/Directo,25710.16,18000,0.0,0
101,2026-02-05 09:00:00,Pre-Entreno Explosive,Suplementos,ML_Clasico,20701.44,15000,3105.22,0
102,2026-04-27 21:00:00,Proteína Isolate 1kg,Proteínas,ML_Premium,46751.44,32000,14025.43,3500
103,2026-01-28 04:00:00,Proteína Whey 1kg,Proteínas,Instagram/Directo,36810.55,25000,0.0,3500
104,2026-04-17 04:00:00,Shaker Pro,Accesorios,ML_Clasico,4923.44,3500,738.52,0
105,2026-01-09 13:00:00,Creatina Monohidrato 500g,Creatinas,ML_Clasico,37602.12,26000,5640.32,3500
106,2026-01-26 09:00:00,Proteína Whey 1kg,Proteínas,ML_Clasico,36218.1,25000,5432.71,3500
107,2026-02-24 19:00:00,Glutamina 300g,Suplementos,ML_Premium,20461.05,14000,6138.32,0
108,2026-04-15 19:00:00,Shaker Pro,Accesorios,Instagram/Directo,4913.05,3500,0.0,0
109,2026-03-06 14:00:00,Proteína Whey 1kg,Proteínas,ML_Clasico,34314.88,25000,5147.23,3500
110,2026-01-11 16:00:00,Aminoácidos BCAA 200g,Suplementos,Instagram/Directo,17711.97,12000,0.0,0
111,2026-02-16 08:00:00,Creatina Monohidrato 300g,Creatinas,ML_Premium,25908.6,18000,7772.58,0
112,2026-03-06 02:00:00,Pre-Entreno Explosive,Suplementos,ML_Premium,22119.21,15000,6635.76,0
113,2026-04-03 04:00:00,Cinto de Cuero Gym,Accesorios,Instagram/Directo,20951.25,15000,0.0,0
114,2026-04-02 07:00:00,Creatina Monohidrato 300g,Creatinas,Instagram/Directo,26239.61,18000,0.0,0
115,2026-01-04 20:00:00,Pre-Entreno Explosive,Suplementos,Instagram/Directo,22396.64,15000,0.0,0
116,2026-04-23 15:00:00,Proteína Isolate 1kg,Proteínas,ML_Clasico,47794.78,32000,7169.22,3500
118,2026-04-21 02:00:00,Creatina Micronizada 300g,Creatinas,ML_Premium,29167.91,21000,8750.37,0
119,2026-02-02 05:00:00,Pre-Entreno Explosive,Suplementos,ML_Premium,21638.58,15000,6491.57,0
120,2026-01-28 04:00:00,Shaker Pro,Accesorios,ML_Clasico,4785.66,3500,717.85,0
121,2026-03-30 14:00:00,Creatina Monohidrato 300g,Creatinas,ML_Premium,24755.24,18000,7426.57,0
122,2026-03-29 10:00:00,Glutamina 300g,Suplementos,ML_Clasico,18971.29,14000,2845.69,0
123,2026-04-01 14:00:00,Shaker Pro,Accesorios,ML_Premium,5050.01,3500,1515.0,0
124,2026-02-23 06:00:00,Straps de Agarre,Accesorios,ML_Premium,6310.71,4500,1893.21,0
125,2026-03-31 20:00:00,Shaker Pro,Accesorios,Instagram/Directo,5213.28,3500,0.0,0
126,2026-04-28 00:00:00,Cinto de Cuero Gym,Accesorios,Instagram/Directo,20651.86,15000,0.0,0
127,2026-02-21 16:00:00,Creatina Monohidrato 300g,Creatinas,ML_Clasico,26601.07,18000,3990.16,0
129,2026-02-07 08:00:00,Aminoácidos BCAA 200g,Suplementos,Instagram/Directo,17885.04,12000,0.0,0
130,2026-04-21 03:00:00,Proteína Vegana 900g,Proteínas,Instagram/Directo,40946.13,28000,0.0,3500
131,2026-02-04 15:00:00,Creatina Micronizada 300g,Creatinas,ML_Premium,29919.42,21000,8975.82,0
132,2026-03-27 20:00:00,Proteína Whey 1kg,Proteínas,ML_Clasico,34675.76,25000,5201.36,3500
133,2026-02-18 21:00:00,Aminoácidos BCAA 200g,Suplementos,Instagram/Directo,16686.67,12000,0.0,0
134,2026-02-14 04:00:00,Creatina Micronizada 300g,Creatinas,Instagram/Directo,31473.35,21000,0.0,3500
135,2026-04-23 05:00:00,Creatina Monohidrato 500g,Creatinas,ML_Clasico,37031.54,26000,5554.73,3500
136,2026-02-07 19:00:00,Straps de Agarre,Accesorios,ML_Clasico,6441.13,4500,966.17,0
137,2026-04-18 07:00:00,Cinto de Cuero Gym,Accesorios,Instagram/Directo,20881.85,15000,0.0,0
138,2026-04-21 19:00:00,Straps de Agarre,Accesorios,ML_Clasico,6697.61,4500,1004.64,0
139,2026-03-22 01:00:00,Creatina Micronizada 300g,Creatinas,Instagram/Directo,30364.14,21000,0.0,3500
140,2026-04-07 02:00:00,Aminoácidos BCAA 200g,Suplementos,Instagram/Directo,16473.01,12000,0.0,0
143,2026-03-17 16:00:00,Straps de Agarre,Accesorios,ML_Premium,6497.12,4500,1949.14,0
144,2026-03-05 06:00:00,Creatina Monohidrato 500g,Creatinas,Instagram/Directo,35867.82,26000,0.0,3500
145,2026-04-24 22:00:00,Straps de Agarre,Accesorios,Instagram/Directo,6198.41,4500,0.0,0
146,2026-03-30 19:00:00,Straps de Agarre,Accesorios,ML_Clasico,6395.11,4500,959.27,0
147,2026-02-06 06:00:00,Creatina Monohidrato 500g,Creatinas,Instagram/Directo,36469.38,26000,0.0,3500
148,2026-03-16 09:00:00,Proteína Whey 1kg,Proteínas,ML_Clasico,34175.91,25000,5126.39,3500
149,2026-03-26 18:00:00,Creatina Monohidrato 500g,Creatinas,ML_Clasico,36189.7,26000,5428.45,3500
150,2026-01-11 10:00:00,Pre-Entreno Explosive,Suplementos,Instagram/Directo,21577.69,15000,0.0,0
151,2026-02-12 15:00:00,Creatina Monohidrato 300g,Creatinas,ML_Premium,25922.59,18000,7776.78,0
152,2026-02-14 06:00:00,Creatina Monohidrato 300g,Creatinas,Instagram/Directo,25932.14,18000,0.0,0
153,2026-01-06 07:00:00,Straps de Agarre,Accesorios,Instagram/Directo,6678.94,4500,0.0,0
154,2026-03-01 10:00:00,Proteína Vegana 900g,Proteínas,ML_Premium,38345.0,28000,11503.5,3500
156,2026-04-03 07:00:00,Shaker Pro,Accesorios,ML_Clasico,5086.4,3500,762.96,0
157,2026-02-03 01:00:00,Proteína Vegana 900g,Proteínas,ML_Clasico,37805.25,28000,5670.79,3500
158,2026-02-04 17:00:00,Cinto de Cuero Gym,Accesorios,Instagram/Directo,20819.8,15000,0.0,0
159,2026-01-23 17:00:00,Pre-Entreno Explosive,Suplementos,ML_Premium,21124.24,15000,6337.27,0
160,2026-02-26 07:00:00,Proteína Vegana 900g,Proteínas,Instagram/Directo,39935.73,28000,0.0,3500
161,2026-01-22 06:00:00,Aminoácidos BCAA 200g,Suplementos,Instagram/Directo,17299.53,12000,0.0,0
162,2026-02-16 09:00:00,Creatina Micronizada 300g,Creatinas,ML_Premium,29539.99,21000,8862.0,0
163,2026-01-02 11:00:00,Straps de Agarre,Accesorios,ML_Clasico,6295.82,4500,944.37,0
164,2026-03-17 09:00:00,Creatina Monohidrato 300g,Creatinas,ML_Premium,25733.36,18000,7720.01,0
165,2026-02-22 18:00:00,Proteína Vegana 900g,Proteínas,Instagram/Directo,41481.13,28000,0.0,3500
166,2026-04-08 14:00:00,Straps de Agarre,Accesorios,ML_Clasico,6151.47,4500,922.72,0
168,2026-04-11 01:00:00,Straps de Agarre,Accesorios,ML_Clasico,6289.57,4500,943.44,0
169,2026-04-30 09:00:00,Aminoácidos BCAA 200g,Suplementos,ML_Clasico,16913.75,12000,2537.06,0
170,2026-01-01 05:00:00,Creatina Micronizada 300g,Creatinas,ML_Clasico,30537.05,21000,4580.56,3500
171,2026-01-15 09:00:00,Aminoácidos BCAA 200g,Suplementos,Instagram/Directo,17075.08,12000,0.0,0
172,2026-03-29 09:00:00,Proteína Vegana 900g,Proteínas,ML_Clasico,38365.96,28000,5754.89,3500
173,2026-03-27 08:00:00,Shaker Pro,Accesorios,ML_Premium,5057.44,3500,1517.23,0
174,2026-03-15 10:00:00,Creatina Monohidrato 500g,Creatinas,ML_Clasico,38349.88,26000,5752.48,3500
175,2026-04-17 10:00:00,Shaker Pro,Accesorios,ML_Premium,5049.97,3500,1514.99,0
176,2026-04-25 10:00:00,Creatina Monohidrato 300g,Creatinas,ML_Clasico,26179.62,18000,3926.94,0
178,2026-02-16 08:00:00,Glutamina 300g,Suplementos,Instagram/Directo,20635.37,14000,0.0,0
179,2026-03-29 15:00:00,Shaker Pro,Accesorios,Instagram/Directo,4907.66,3500,0.0,0
181,2026-02-18 03:00:00,Creatina Micronizada 300g,Creatinas,ML_Clasico,30330.93,21000,4549.64,3500
182,2026-01-02 01:00:00,Proteína Whey 1kg,Proteínas,ML_Clasico,33798.63,25000,5069.79,3500
183,2026-02-19 20:00:00,Pre-Entreno Explosive,Suplementos,ML_Clasico,21077.11,15000,3161.57,0
184,2026-04-12 04:00:00,Pre-Entreno Explosive,Suplementos,ML_Clasico,21993.66,15000,3299.05,0
186,2026-01-02 11:00:00,Pre-Entreno Explosive,Suplementos,ML_Premium,22281.87,15000,6684.56,0
187,2026-04-17 07:00:00,Proteína Vegana 900g,Proteínas,ML_Premium,41443.19,28000,12432.96,3500
188,2026-03-02 21:00:00,Creatina Monohidrato 300g,Creatinas,ML_Clasico,25074.25,18000,3761.14,0
189,2026-01-20 14:00:00,Creatina Micronizada 300g,Creatinas,ML_Clasico,30564.62,21000,4584.69,3500
190,2026-02-04 22:00:00,Straps de Agarre,Accesorios,ML_Clasico,6146.45,4500,921.97,0
191,2026-01-11 03:00:00,Glutamina 300g,Suplementos,Instagram/Directo,19871.83,14000,0.0,0
192,2026-03-20 12:00:00,Proteína Isolate 1kg,Proteínas,ML_Premium,43522.27,32000,13056.68,3500
193,2026-01-05 02:00:00,Pre-Entreno Explosive,Suplementos,ML_Premium,20924.23,15000,6277.27,0
194,2026-02-21 00:00:00,Creatina Monohidrato 300g,Creatinas,ML_Clasico,24386.28,18000,3657.94,0
195,2026-01-23 12:00:00,Pre-Entreno Explosive,Suplementos,ML_Premium,20925.63,15000,6277.69,0
196,2026-04-29 01:00:00,Creatina Monohidrato 500g,Creatinas,Instagram/Directo,36144.02,26000,0.0,3500
197,2026-02-20 02:00:00,Creatina Micronizada 300g,Creatinas,ML_Premium,29725.81,21000,8917.74,0
198,2026-02-23 02:00:00,Glutamina 300g,Suplementos,ML_Premium,20474.43,14000,6142.33,0
199,2026-03-02 13:00:00,Creatina Micronizada 300g,Creatinas,ML_Clasico,29634.18,21000,4445.13,0
200,2026-03-23 10:00:00,Pre-Entreno Explosive,Suplementos,Instagram/Directo,22229.7,15000,0.0,0
201,2026-04-13 14:00:00,Aminoácidos BCAA 200g,Suplementos,ML_Premium,17997.1,12000,5399.13,0
202,2026-03-24 22:00:00,Proteína Whey 1kg,Proteínas,ML_Premium,35142.94,25000,10542.88,3500
203,2026-04-04 07:00:00,Aminoácidos BCAA 200g,Suplementos,Instagram/Directo,17265.53,12000,0.0,0
204,2026-04-26 20:00:00,Creatina Micronizada 300g,Creatinas,ML_Clasico,30935.08,21000,4640.26,3500
205,2026-03-29 07:00:00,Creatina Micronizada 300g,Creatinas,ML_Premium,30739.23,21000,9221.77,3500
206,2026-02-09 09:00:00,Shaker Pro,Accesorios,ML_Premium,5012.13,3500,1503.64,0
207,2026-04-17 12:00:00,Proteína Isolate 1kg,Proteínas,Instagram/Directo,46237.4,32000,0.0,3500
208,2026-01-23 13:00:00,Straps de Agarre,Accesorios,ML_Clasico,6336.2,4500,950.43,0
209,2026-02-26 15:00:00,Straps de Agarre,Accesorios,ML_Premium,6367.1,4500,1910.13,0
210,2026-02-01 09:00:00,Glutamina 300g,Suplementos,ML_Premium,19329.71,14000,5798.91,0
211,2026-04-18 16:00:00,Cinto de Cuero Gym,Accesorios,Instagram/Directo,21636.4,15000,0.0,0
212,2026-02-11 01:00:00,Cinto de Cuero Gym,Accesorios,Instagram/Directo,22167.96,15000,0.0,0
213,2026-02-10 18:00:00,Straps de Agarre,Accesorios,ML_Clasico,6202.36,4500,930.35,0
214,2026-02-11 07:00:00,Creatina Micronizada 300g,Creatinas,ML_Premium,28794.9,21000,8638.47,0
215,2026-04-29 10:00:00,Glutamina 300g,Suplementos,ML_Clasico,19599.81,14000,2939.97,0
216,2026-02-12 23:00:00,Aminoácidos BCAA 200g,Suplementos,ML_Clasico,16379.91,12000,2456.99,0
217,2026-04-07 22:00:00,Glutamina 300g,Suplementos,ML_Premium,20486.47,14000,6145.94,0
218,2026-04-20 15:00:00,Glutamina 300g,Suplementos,Instagram/Directo,19128.76,14000,0.0,0
219,2026-04-13 09:00:00,Proteína Vegana 900g,Proteínas,Instagram/Directo,40495.53,28000,0.0,3500
220,2026-01-26 04:00:00,Proteína Vegana 900g,Proteínas,ML_Premium,39753.54,28000,11926.06,3500
221,2026-03-30 07:00:00,Straps de Agarre,Accesorios,ML_Premium,6573.8,4500,1972.14,0
222,2026-01-21 09:00:00,Cinto de Cuero Gym,Accesorios,ML_Clasico,20758.89,15000,3113.83,0
223,2026-03-13 19:00:00,Proteína Whey 1kg,Proteínas,ML_Clasico,33798.99,25000,5069.85,3500
224,2026-02-05 08:00:00,Aminoácidos BCAA 200g,Suplementos,ML_Premium,17495.93,12000,5248.78,0
225,2026-03-15 09:00:00,Creatina Micronizada 300g,Creatinas,ML_Clasico,28950.38,21000,4342.56,0
226,2026-04-09 04:00:00,Shaker Pro,Accesorios,ML_Premium,4856.13,3500,1456.84,0
227,2026-01-19 07:00:00,Pre-Entreno Explosive,Suplementos,ML_Clasico,21235.18,15000,3185.28,0
228,2026-01-29 07:00:00,Pre-Entreno Explosive,Suplementos,ML_Premium,22288.35,15000,6686.51,0
229,2026-01-22 09:00:00,Cinto de Cuero Gym,Accesorios,Instagram/Directo,22482.91,15000,0.0,0
230,2026-03-14 16:00:00,Creatina Monohidrato 300g,Creatinas,ML_Premium,25520.03,18000,7656.01,0
231,2026-01-08 23:00:00,Straps de Agarre,Accesorios,ML_Premium,6286.33,4500,1885.9,0
232,2026-03-14 10:00:00,Straps de Agarre,Accesorios,ML_Clasico,6617.29,4500,992.59,0
233,2026-02-27 20:00:00,Cinto de Cuero Gym,Accesorios,ML_Premium,21272.29,15000,6381.69,0
234,2026-02-22 17:00:00,Proteína Whey 1kg,Proteínas,ML_Clasico,37275.37,25000,5591.31,3500
235,2026-04-30 11:00:00,Creatina Micronizada 300g,Creatinas,ML_Premium,30372.84,21000,9111.85,3500
237,2026-03-14 09:00:00,Cinto de Cuero Gym,Accesorios,Instagram/Directo,22280.87,15000,0.0,0
238,2026-04-30 22:00:00,Shaker Pro,Accesorios,ML_Clasico,4753.06,3500,712.96,0
239,2026-01-27 01:00:00,Proteína Whey 1kg,Proteínas,ML_Premium,33896.76,25000,10169.03,3500
240,2026-04-26 06:00:00,Creatina Micronizada 300g,Creatinas,ML_Premium,29733.08,21000,8919.92,0
241,2026-03-24 16:00:00,Creatina Monohidrato 300g,Creatinas,Instagram/Directo,26120.13,18000,0.0,0
242,2026-04-07 00:00:00,Creatina Monohidrato 500g,Creatinas,Instagram/Directo,38634.6,26000,0.0,3500
243,2026-01-16 22:00:00,Pre-Entreno Explosive,Suplementos,ML_Premium,22012.22,15000,6603.67,0
244,2026-01-16 13:00:00,Creatina Monohidrato 500g,Creatinas,Instagram/Directo,37040.25,26000,0.0,3500
245,2026-01-28 09:00:00,Glutamina 300g,Suplementos,ML_Clasico,19625.87,14000,2943.88,0
246,2026-01-04 10:00:00,Straps de Agarre,Accesorios,ML_Clasico,6489.17,4500,973.38,0
247,2026-03-09 04:00:00,Pre-Entreno Explosive,Suplementos,Instagram/Directo,22241.41,15000,0.0,0
248,2026-01-22 09:00:00,Shaker Pro,Accesorios,ML_Premium,5127.75,3500,1538.32,0
249,2026-03-22 15:00:00,Pre-Entreno Explosive,Suplementos,Instagram/Directo,21619.57,15000,0.0,0
250,2026-04-13 02:00:00,Creatina Monohidrato 300g,Creatinas,ML_Clasico,25727.59,18000,3859.14,0
251,2026-02-14 07:00:00,Proteína Isolate 1kg,Proteínas,Instagram/Directo,45032.89,32000,0.0,3500
252,2026-04-18 03:00:00,Aminoácidos BCAA 200g,Suplementos,Instagram/Directo,17123.36,12000,0.0,0
253,2026-02-23 18:00:00,Shaker Pro,Accesorios,Instagram/Directo,5072.53,3500,0.0,0
254,2026-02-24 18:00:00,Pre-Entreno Explosive,Suplementos,ML_Premium,22498.34,15000,6749.5,0
255,2026-04-02 10:00:00,Creatina Micronizada 300g,Creatinas,Instagram/Directo,30437.13,21000,0.0,3500
256,2026-01-18 09:00:00,Shaker Pro,Accesorios,ML_Clasico,4967.86,3500,745.18,0
257,2026-04-02 12:00:00,Straps de Agarre,Accesorios,ML_Clasico,6625.42,4500,993.81,0
258,2026-01-24 11:00:00,Proteína Vegana 900g,Proteínas,ML_Clasico,40408.9,28000,6061.34,3500
259,2026-04-25 14:00:00,Creatina Monohidrato 300g,Creatinas,Instagram/Directo,25698.37,18000,0.0,0
260,2026-01-20 15:00:00,Cinto de Cuero Gym,Accesorios,ML_Premium,21233.55,15000,6370.06,0
261,2026-04-26 15:00:00,Shaker Pro,Accesorios,ML_Clasico,4852.69,3500,727.9,0
262,2026-01-18 02:00:00,Cinto de Cuero Gym,Accesorios,ML_Clasico,21373.13,15000,3205.97,0
263,2026-01-31 20:00:00,Shaker Pro,Accesorios,Instagram/Directo,4738.84,3500,0.0,0
264,2026-03-14 16:00:00,Aminoácidos BCAA 200g,Suplementos,ML_Clasico,16276.38,12000,2441.46,0
265,2026-03-17 07:00:00,Aminoácidos BCAA 200g,Suplementos,ML_Premium,17702.59,12000,5310.78,0
266,2026-02-17 20:00:00,Pre-Entreno Explosive,Suplementos,ML_Premium,21680.97,15000,6504.29,0
267,2026-01-31 13:00:00,Proteína Isolate 1kg,Proteínas,ML_Premium,44493.25,32000,13347.97,3500
268,2026-01-02 15:00:00,Proteína Isolate 1kg,Proteínas,Instagram/Directo,47867.35,32000,0.0,3500
269,2026-03-27 14:00:00,Straps de Agarre,Accesorios,Instagram/Directo,6604.24,4500,0.0,0
271,2026-05-01 11:00:00,Proteína Vegana 900g,Proteínas,Instagram/Directo,41932.55,28000,0.0,3500
272,2026-04-17 01:00:00,Shaker Pro,Accesorios,ML_Clasico,4840.23,3500,726.03,0
274,2026-04-12 07:00:00,Creatina Monohidrato 300g,Creatinas,Instagram/Directo,24501.91,18000,0.0,0
275,2026-03-16 07:00:00,Proteína Isolate 1kg,Proteínas,Instagram/Directo,47526.61,32000,0.0,3500
276,2026-02-28 07:00:00,Proteína Whey 1kg,Proteínas,Instagram/Directo,36986.15,25000,0.0,3500
277,2026-04-06 05:00:00,Creatina Monohidrato 300g,Creatinas,ML_Clasico,26274.32,18000,3941.15,0
278,2026-04-08 16:00:00,Creatina Monohidrato 500g,Creatinas,Instagram/Directo,37826.71,26000,0.0,3500
280,2026-01-29 19:00:00,Glutamina 300g,Suplementos,Instagram/Directo,19091.06,14000,0.0,0
281,2026-01-15 09:00:00,Proteína Isolate 1kg,Proteínas,ML_Clasico,44971.81,32000,6745.77,3500
282,2026-03-29 01:00:00,Shaker Pro,Accesorios,Instagram/Directo,4935.33,3500,0.0,0
283,2026-04-24 20:00:00,Creatina Monohidrato 500g,Creatinas,ML_Premium,35774.6,26000,10732.38,3500
284,2026-04-13 21:00:00,Pre-Entreno Explosive,Suplementos,ML_Premium,21619.91,15000,6485.97,0
285,2026-03-19 11:00:00,Aminoácidos BCAA 200g,Suplementos,ML_Clasico,17288.9,12000,2593.33,0
286,2026-01-05 08:00:00,Proteína Vegana 900g,Proteínas,Instagram/Directo,40709.06,28000,0.0,3500
287,2026-03-04 04:00:00,Glutamina 300g,Suplementos,ML_Premium,20929.43,14000,6278.83,0
288,2026-03-31 01:00:00,Shaker Pro,Accesorios,ML_Premium,4819.15,3500,1445.75,0
289,2026-01-16 07:00:00,Glutamina 300g,Suplementos,Instagram/Directo,20717.31,14000,0.0,0
290,2026-03-22 04:00:00,Creatina Monohidrato 300g,Creatinas,ML_Clasico,26033.8,18000,3905.07,0
291,2026-02-11 18:00:00,Creatina Monohidrato 300g,Creatinas,ML_Premium,25854.45,18000,7756.33,0
292,2026-01-29 23:00:00,Proteína Isolate 1kg,Proteínas,ML_Premium,47939.96,32000,14381.99,3500
293,2026-03-11 00:00:00,Creatina Micronizada 300g,Creatinas,ML_Premium,29788.58,21000,8936.57,0
294,2026-04-05 16:00:00,Pre-Entreno Explosive,Suplementos,ML_Clasico,20757.65,15000,3113.65,0
295,2026-04-28 18:00:00,Straps de Agarre,Accesorios,ML_Premium,6689.46,4500,2006.84,0
296,2026-03-25 05:00:00,Proteína Whey 1kg,Proteínas,Instagram/Directo,36388.24,25000,0.0,3500
297,2026-02-21 20:00:00,Aminoácidos BCAA 200g,Suplementos,ML_Premium,16301.92,12000,4890.58,0
298,2026-01-23 23:00:00,Cinto de Cuero Gym,Accesorios,ML_Clasico,20672.56,15000,3100.88,0
299,2026-01-21 10:00:00,Glutamina 300g,Suplementos,ML_Clasico,19812.02,14000,2971.8,0
300,2026-03-06 22:00:00,Creatina Monohidrato 500g,Creatinas,ML_Clasico,35376.32,26000,5306.45,3500
301,2026-03-02 22:00:00,Creatina Monohidrato 300g,Creatinas,ML_Clasico,24532.45,18000,3679.87,0
302,2026-02-27 19:00:00,Proteína Whey 1kg,Proteínas,Instagram/Directo,35755.41,25000,0.0,3500
303,2026-03-23 05:00:00,Proteína Whey 1kg,Proteínas,ML_Clasico,35169.44,25000,5275.42,3500
304,2026-01-20 00:00:00,Creatina Monohidrato 300g,Creatinas,ML_Premium,26361.2,18000,7908.36,0
305,2026-04-05 20:00:00,Proteína Isolate 1kg,Proteínas,ML_Clasico,43495.95,32000,6524.39,3500
306,2026-04-28 09:00:00,Proteína Whey 1kg,Proteínas,ML_Premium,34997.03,25000,10499.11,3500
307,2026-01-14 17:00:00,Straps de Agarre,Accesorios,ML_Clasico,6700.72,4500,1005.11,0
308,2026-04-06 21:00:00,Creatina Micronizada 300g,Creatinas,ML_Clasico,29419.8,21000,4412.97,0
309,2026-03-27 23:00:00,Creatina Monohidrato 500g,Creatinas,Instagram/Directo,35436.46,26000,0.0,3500
310,2026-01-12 14:00:00,Proteína Isolate 1kg,Proteínas,Instagram/Directo,45309.63,32000,0.0,3500
311,2026-01-31 06:00:00,Proteína Whey 1kg,Proteínas,ML_Clasico,35912.73,25000,5386.91,3500
312,2026-03-27 08:00:00,Proteína Isolate 1kg,Proteínas,Instagram/Directo,44197.41,32000,0.0,3500
313,2026-04-17 22:00:00,Aminoácidos BCAA 200g,Suplementos,Instagram/Directo,17223.52,12000,0.0,0
314,2026-04-07 16:00:00,Creatina Monohidrato 300g,Creatinas,Instagram/Directo,26005.13,18000,0.0,0
315,2026-01-26 15:00:00,Cinto de Cuero Gym,Accesorios,ML_Premium,20693.28,15000,6207.98,0
316,2026-03-02 19:00:00,Creatina Micronizada 300g,Creatinas,ML_Premium,31018.06,21000,9305.42,3500
317,2026-02-05 02:00:00,Straps de Agarre,Accesorios,Instagram/Directo,6534.68,4500,0.0,0
318,2026-01-15 01:00:00,Glutamina 300g,Suplementos,Instagram/Directo,19222.52,14000,0.0,0
319,2026-02-08 04:00:00,Creatina Monohidrato 500g,Creatinas,ML_Clasico,38564.4,26000,5784.66,3500
320,2026-04-28 21:00:00,Straps de Agarre,Accesorios,ML_Clasico,6660.38,4500,999.06,0
321,2026-04-28 23:00:00,Creatina Monohidrato 500g,Creatinas,Instagram/Directo,36505.12,26000,0.0,3500
322,2026-01-13 15:00:00,Glutamina 300g,Suplementos,ML_Premium,20051.99,14000,6015.6,0
323,2026-03-20 16:00:00,Proteína Vegana 900g,Proteínas,ML_Clasico,39430.69,28000,5914.6,3500
324,2026-01-07 08:00:00,Straps de Agarre,Accesorios,ML_Premium,6310.76,4500,1893.23,0
325,2026-04-26 12:00:00,Straps de Agarre,Accesorios,ML_Premium,6569.34,4500,1970.8,0
326,2026-01-01 19:00:00,Proteína Vegana 900g,Proteínas,ML_Clasico,38645.97,28000,5796.9,3500
327,2026-03-29 03:00:00,Cinto de Cuero Gym,Accesorios,Instagram/Directo,20817.33,15000,0.0,0
328,2026-01-04 01:00:00,Proteína Vegana 900g,Proteínas,Instagram/Directo,38310.74,28000,0.0,3500
329,2026-04-14 19:00:00,Straps de Agarre,Accesorios,ML_Clasico,6540.86,4500,981.13,0
330,2026-04-30 23:00:00,Proteína Isolate 1kg,Proteínas,Instagram/Directo,44679.91,32000,0.0,3500
331,2026-02-04 07:00:00,Proteína Vegana 900g,Proteínas,ML_Clasico,39207.41,28000,5881.11,3500
332,2026-02-18 22:00:00,Creatina Monohidrato 300g,Creatinas,ML_Clasico,26943.68,18000,4041.55,0
333,2026-03-15 23:00:00,Creatina Micronizada 300g,Creatinas,ML_Premium,28975.94,21000,8692.78,0
334,2026-01-11 10:00:00,Creatina Monohidrato 300g,Creatinas,ML_Premium,26624.3,18000,7987.29,0
335,2026-03-03 23:00:00,Straps de Agarre,Accesorios,ML_Premium,6260.3,4500,1878.09,0
336,2026-03-26 20:00:00,Cinto de Cuero Gym,Accesorios,Instagram/Directo,20256.75,15000,0.0,0
337,2026-03-03 19:00:00,Pre-Entreno Explosive,Suplementos,Instagram/Directo,20559.11,15000,0.0,0
338,2026-03-18 21:00:00,Straps de Agarre,Accesorios,Instagram/Directo,6389.71,4500,0.0,0
339,2026-02-15 07:00:00,Proteína Vegana 900g,Proteínas,Instagram/Directo,40722.14,28000,0.0,3500
340,2026-01-05 03:00:00,Creatina Monohidrato 300g,Creatinas,ML_Premium,26112.99,18000,7833.9,0
341,2026-01-16 10:00:00,Straps de Agarre,Accesorios,ML_Premium,6435.44,4500,1930.63,0
342,2026-01-20 23:00:00,Creatina Monohidrato 500g,Creatinas,ML_Premium,35530.69,26000,10659.21,3500
343,2026-04-16 00:00:00,Creatina Monohidrato 300g,Creatinas,ML_Clasico,25219.18,18000,3782.88,0
344,2026-01-01 16:00:00,Proteína Whey 1kg,Proteínas,ML_Premium,35985.63,25000,10795.69,3500
345,2026-03-20 02:00:00,Creatina Monohidrato 300g,Creatinas,ML_Premium,24383.31,18000,7314.99,0
346,2026-01-20 10:00:00,Creatina Monohidrato 300g,Creatinas,ML_Premium,26510.11,18000,7953.03,0
347,2026-04-14 07:00:00,Proteína Whey 1kg,Proteínas,ML_Clasico,36164.22,25000,5424.63,3500
348,2026-04-10 21:00:00,Proteína Vegana 900g,Proteínas,Instagram/Directo,39557.09,28000,0.0,3500
349,2026-04-12 17:00:00,Cinto de Cuero Gym,Accesorios,ML_Clasico,20755.97,15000,3113.39,0
350,2026-01-17 07:00:00,Proteína Vegana 900g,Proteínas,Instagram/Directo,40120.81,28000,0.0,3500
351,2026-03-08 18:00:00,Creatina Monohidrato 500g,Creatinas,ML_Premium,38102.73,26000,11430.82,3500
352,2026-01-22 07:00:00,Cinto de Cuero Gym,Accesorios,ML_Clasico,20808.56,15000,3121.28,0
353,2026-02-28 00:00:00,Shaker Pro,Accesorios,ML_Clasico,5078.03,3500,761.7,0
354,2026-03-20 15:00:00,Cinto de Cuero Gym,Accesorios,ML_Clasico,21119.19,15000,3167.88,0
355,2026-01-15 05:00:00,Straps de Agarre,Accesorios,ML_Premium,6175.24,4500,1852.57,0
357,2026-02-07 05:00:00,Creatina Monohidrato 300g,Creatinas,Instagram/Directo,25223.9,18000,0.0,0
358,2026-03-29 00:00:00,Creatina Monohidrato 500g,Creatinas,ML_Clasico,38718.21,26000,5807.73,3500
359,2026-03-04 19:00:00,Cinto de Cuero Gym,Accesorios,ML_Clasico,20590.93,15000,3088.64,0
360,2026-03-08 21:00:00,Proteína Vegana 900g,Proteínas,Instagram/Directo,41912.57,28000,0.0,3500
361,2026-04-25 18:00:00,Shaker Pro,Accesorios,Instagram/Directo,5178.97,3500,0.0,0
362,2026-03-07 17:00:00,Aminoácidos BCAA 200g,Suplementos,ML_Premium,17105.82,12000,5131.75,0
363,2026-03-11 08:00:00,Proteína Whey 1kg,Proteínas,ML_Clasico,35321.38,25000,5298.21,3500
364,2026-03-09 19:00:00,Aminoácidos BCAA 200g,Suplementos,ML_Clasico,17113.98,12000,2567.1,0
365,2026-04-05 15:00:00,Shaker Pro,Accesorios,Instagram/Directo,4936.21,3500,0.0,0
366,2026-03-21 15:00:00,Pre-Entreno Explosive,Suplementos,Instagram/Directo,21979.21,15000,0.0,0
367,2026-01-08 02:00:00,Proteína Whey 1kg,Proteínas,ML_Clasico,36564.42,25000,5484.66,3500
368,2026-02-27 22:00:00,Straps de Agarre,Accesorios,Instagram/Directo,6668.05,4500,0.0,0
369,2026-03-20 19:00:00,Creatina Monohidrato 500g,Creatinas,ML_Premium,38614.97,26000,11584.49,3500
370,2026-04-05 17:00:00,Creatina Micronizada 300g,Creatinas,ML_Clasico,28788.11,21000,4318.22,0
371,2026-01-14 18:00:00,Proteína Isolate 1kg,Proteínas,ML_Clasico,43242.93,32000,6486.44,3500
372,2026-01-31 03:00:00,Straps de Agarre,Accesorios,ML_Premium,6433.4,4500,1930.02,0
373,2026-03-15 09:00:00,Creatina Micronizada 300g,Creatinas,Instagram/Directo,31021.32,21000,0.0,3500
374,2026-04-24 21:00:00,Proteína Whey 1kg,Proteínas,ML_Premium,33893.81,25000,10168.14,3500
375,2026-03-29 10:00:00,Straps de Agarre,Accesorios,ML_Clasico,6528.27,4500,979.24,0
376,2026-01-26 19:00:00,Proteína Vegana 900g,Proteínas,ML_Premium,38443.19,28000,11532.96,3500
377,2026-04-11 10:00:00,Proteína Isolate 1kg,Proteínas,ML_Premium,47251.17,32000,14175.35,3500
378,2026-03-10 15:00:00,Proteína Vegana 900g,Proteínas,Instagram/Directo,41202.02,28000,0.0,3500
380,2026-03-23 16:00:00,Cinto de Cuero Gym,Accesorios,ML_Clasico,22438.63,15000,3365.79,0
381,2026-03-05 08:00:00,Proteína Whey 1kg,Proteínas,ML_Clasico,35876.36,25000,5381.45,3500
382,2026-02-26 08:00:00,Proteína Whey 1kg,Proteínas,Instagram/Directo,35042.52,25000,0.0,3500
383,2026-04-23 21:00:00,Creatina Monohidrato 300g,Creatinas,ML_Clasico,24444.95,18000,3666.74,0
384,2026-01-28 06:00:00,Shaker Pro,Accesorios,ML_Premium,5092.55,3500,1527.77,0
385,2026-01-26 08:00:00,Glutamina 300g,Suplementos,Instagram/Directo,20253.47,14000,0.0,0
386,2026-02-06 02:00:00,Glutamina 300g,Suplementos,Instagram/Directo,19261.43,14000,0.0,0
387,2026-01-16 11:00:00,Proteína Isolate 1kg,Proteínas,Instagram/Directo,47021.17,32000,0.0,3500
388,2026-03-13 05:00:00,Creatina Monohidrato 500g,Creatinas,ML_Premium,35244.89,26000,10573.47,3500
389,2026-04-07 10:00:00,Proteína Vegana 900g,Proteínas,Instagram/Directo,38616.47,28000,0.0,3500
390,2026-03-02 18:00:00,Straps de Agarre,Accesorios,Instagram/Directo,6461.68,4500,0.0,0
391,2026-01-22 12:00:00,Cinto de Cuero Gym,Accesorios,ML_Premium,20742.41,15000,6222.72,0
392,2026-02-26 22:00:00,Pre-Entreno Explosive,Suplementos,Instagram/Directo,21994.52,15000,0.0,0
393,2026-04-22 05:00:00,Proteína Isolate 1kg,Proteínas,ML_Clasico,47413.97,32000,7112.1,3500
394,2026-03-11 06:00:00,Proteína Whey 1kg,Proteínas,Instagram/Directo,35250.43,25000,0.0,3500
395,2026-03-30 05:00:00,Aminoácidos BCAA 200g,Suplementos,ML_Premium,16293.5,12000,4888.05,0
396,2026-01-29 19:00:00,Proteína Isolate 1kg,Proteínas,Instagram/Directo,46235.06,32000,0.0,3500
397,2026-04-08 12:00:00,Aminoácidos BCAA 200g,Suplementos,ML_Clasico,16439.56,12000,2465.93,0
398,2026-02-14 12:00:00,Pre-Entreno Explosive,Suplementos,Instagram/Directo,20683.91,15000,0.0,0
399,2026-02-04 19:00:00,Creatina Monohidrato 300g,Creatinas,Instagram/Directo,24766.99,18000,0.0,0
400,2026-01-18 09:00:00,Straps de Agarre,Accesorios,ML_Clasico,6162.36,4500,924.35,0
401,2026-01-09 02:00:00,Pre-Entreno Explosive,Suplementos,ML_Premium,20847.27,15000,6254.18,0
402,2026-03-28 05:00:00,Proteína Isolate 1kg,Proteínas,Instagram/Directo,47318.47,32000,0.0,3500
404,2026-04-02 15:00:00,Glutamina 300g,Suplementos,Instagram/Directo,19892.99,14000,0.0,0
405,2026-04-07 21:00:00,Proteína Vegana 900g,Proteínas,ML_Premium,39172.84,28000,11751.85,3500
406,2026-02-15 18:00:00,Shaker Pro,Accesorios,Instagram/Directo,4862.28,3500,0.0,0
407,2026-04-01 07:00:00,Shaker Pro,Accesorios,ML_Premium,4758.99,3500,1427.7,0
408,2026-02-23 12:00:00,Straps de Agarre,Accesorios,ML_Premium,6125.14,4500,1837.54,0
409,2026-01-17 04:00:00,Creatina Monohidrato 300g,Creatinas,ML_Premium,25191.29,18000,7557.39,0
410,2026-03-09 15:00:00,Straps de Agarre,Accesorios,ML_Premium,6353.73,4500,1906.12,0
411,2026-03-14 14:00:00,Cinto de Cuero Gym,Accesorios,ML_Clasico,22059.88,15000,3308.98,0
412,2026-04-11 01:00:00,Aminoácidos BCAA 200g,Suplementos,ML_Clasico,16802.51,12000,2520.38,0
413,2026-01-17 22:00:00,Cinto de Cuero Gym,Accesorios,ML_Premium,20343.19,15000,6102.96,0
414,2026-01-10 01:00:00,Pre-Entreno Explosive,Suplementos,ML_Clasico,20623.86,15000,3093.58,0
415,2026-03-13 19:00:00,Pre-Entreno Explosive,Suplementos,ML_Premium,20335.13,15000,6100.54,0
416,2026-03-31 08:00:00,Straps de Agarre,Accesorios,Instagram/Directo,6395.16,4500,0.0,0
418,2026-01-11 01:00:00,Pre-Entreno Explosive,Suplementos,Instagram/Directo,21262.53,15000,0.0,0
419,2026-02-18 19:00:00,Creatina Monohidrato 500g,Creatinas,Instagram/Directo,37644.99,26000,0.0,3500
420,2026-04-11 19:00:00,Pre-Entreno Explosive,Suplementos,ML_Clasico,20767.81,15000,3115.17,0
421,2026-04-19 13:00:00,Glutamina 300g,Suplementos,Instagram/Directo,19998.33,14000,0.0,0
422,2026-04-09 05:00:00,Straps de Agarre,Accesorios,ML_Premium,6456.2,4500,1936.86,0
423,2026-02-10 05:00:00,Creatina Monohidrato 300g,Creatinas,Instagram/Directo,26574.45,18000,0.0,0
424,2026-04-26 12:00:00,Proteína Whey 1kg,Proteínas,ML_Premium,35625.24,25000,10687.57,3500
425,2026-03-10 15:00:00,Proteína Whey 1kg,Proteínas,Instagram/Directo,34673.36,25000,0.0,3500
426,2026-04-08 19:00:00,Creatina Monohidrato 300g,Creatinas,Instagram/Directo,25654.62,18000,0.0,0
427,2026-02-11 07:00:00,Creatina Monohidrato 500g,Creatinas,ML_Clasico,37666.55,26000,5649.98,3500
428,2026-03-18 21:00:00,Proteína Whey 1kg,Proteínas,Instagram/Directo,37335.67,25000,0.0,3500
429,2026-02-15 01:00:00,Cinto de Cuero Gym,Accesorios,Instagram/Directo,20969.99,15000,0.0,0
430,2026-03-17 01:00:00,Proteína Vegana 900g,Proteínas,ML_Clasico,41043.49,28000,6156.52,3500
431,2026-01-25 14:00:00,Shaker Pro,Accesorios,ML_Premium,5214.97,3500,1564.49,0
432,2026-04-14 21:00:00,Proteína Whey 1kg,Proteínas,ML_Clasico,34153.7,25000,5123.05,3500
433,2026-01-19 17:00:00,Creatina Monohidrato 500g,Creatinas,ML_Premium,36104.66,26000,10831.4,3500
435,2026-01-17 05:00:00,Proteína Whey 1kg,Proteínas,ML_Premium,36378.99,25000,10913.7,3500
436,2026-01-06 12:00:00,Proteína Whey 1kg,Proteínas,Instagram/Directo,37143.58,25000,0.0,3500
437,2026-04-14 20:00:00,Straps de Agarre,Accesorios,ML_Clasico,6130.33,4500,919.55,0
438,2026-03-27 07:00:00,Cinto de Cuero Gym,Accesorios,ML_Clasico,20772.94,15000,3115.94,0
439,2026-04-16 15:00:00,Shaker Pro,Accesorios,ML_Clasico,4961.3,3500,744.2,0
440,2026-04-23 11:00:00,Cinto de Cuero Gym,Accesorios,ML_Clasico,21101.26,15000,3165.19,0
441,2026-02-04 02:00:00,Aminoácidos BCAA 200g,Suplementos,Instagram/Directo,17529.59,12000,0.0,0
442,2026-04-06 10:00:00,Creatina Monohidrato 500g,Creatinas,Instagram/Directo,35892.14,26000,0.0,3500
444,2026-02-17 00:00:00,Glutamina 300g,Suplementos,ML_Premium,20674.98,14000,6202.49,0
445,2026-01-18 14:00:00,Aminoácidos BCAA 200g,Suplementos,ML_Clasico,17249.08,12000,2587.36,0
446,2026-02-03 00:00:00,Glutamina 300g,Suplementos,ML_Premium,19093.9,14000,5728.17,0
447,2026-01-27 02:00:00,Proteína Isolate 1kg,Proteínas,ML_Clasico,45156.55,32000,6773.48,3500
448,2026-03-31 14:00:00,Proteína Whey 1kg,Proteínas,Instagram/Directo,37230.47,25000,0.0,3500
449,2026-02-02 00:00:00,Creatina Monohidrato 300g,Creatinas,ML_Premium,26584.81,18000,7975.44,0
450,2026-03-07 01:00:00,Proteína Isolate 1kg,Proteínas,ML_Clasico,44463.89,32000,6669.58,3500
451,2026-01-05 05:00:00,Proteína Isolate 1kg,Proteínas,ML_Premium,43586.82,32000,13076.04,3500
452,2026-01-08 20:00:00,Proteína Vegana 900g,Proteínas,Instagram/Directo,40724.27,28000,0.0,3500
453,2026-02-05 05:00:00,Cinto de Cuero Gym,Accesorios,ML_Premium,20965.42,15000,6289.62,0
454,2026-02-19 05:00:00,Glutamina 300g,Suplementos,ML_Premium,20390.69,14000,6117.21,0
455,2026-04-22 07:00:00,Glutamina 300g,Suplementos,ML_Clasico,19064.43,14000,2859.66,0
456,2026-03-02 08:00:00,Creatina Monohidrato 500g,Creatinas,ML_Clasico,35938.5,26000,5390.78,3500
457,2026-01-12 06:00:00,Creatina Monohidrato 500g,Creatinas,Instagram/Directo,35711.46,26000,0.0,3500
458,2026-01-15 12:00:00,Straps de Agarre,Accesorios,Instagram/Directo,6458.19,4500,0.0,0
459,2026-04-10 11:00:00,Creatina Micronizada 300g,Creatinas,ML_Premium,31479.52,21000,9443.86,3500
460,2026-01-28 12:00:00,Creatina Monohidrato 500g,Creatinas,ML_Clasico,38707.48,26000,5806.12,3500
461,2026-02-22 20:00:00,Glutamina 300g,Suplementos,ML_Premium,19404.86,14000,5821.46,0
462,2026-04-01 18:00:00,Proteína Vegana 900g,Proteínas,ML_Clasico,40334.74,28000,6050.21,3500
463,2026-01-29 13:00:00,Straps de Agarre,Accesorios,ML_Clasico,6735.92,4500,1010.39,0
464,2026-01-21 11:00:00,Proteína Vegana 900g,Proteínas,ML_Clasico,41623.55,28000,6243.53,3500
465,2026-03-04 06:00:00,Proteína Isolate 1kg,Proteínas,ML_Premium,44044.02,32000,13213.2,3500
466,2026-01-06 09:00:00,Cinto de Cuero Gym,Accesorios,ML_Clasico,21521.09,15000,3228.16,0
467,2026-02-08 06:00:00,Straps de Agarre,Accesorios,ML_Clasico,6574.98,4500,986.25,0
468,2026-04-08 16:00:00,Straps de Agarre,Accesorios,Instagram/Directo,6269.21,4500,0.0,0
469,2026-03-08 18:00:00,Aminoácidos BCAA 200g,Suplementos,Instagram/Directo,17840.56,12000,0.0,0
470,2026-03-04 08:00:00,Creatina Monohidrato 500g,Creatinas,ML_Premium,38598.55,26000,11579.57,3500
471,2026-02-06 06:00:00,Creatina Micronizada 300g,Creatinas,Instagram/Directo,29464.0,21000,0.0,0
472,2026-01-09 18:00:00,Pre-Entreno Explosive,Suplementos,Instagram/Directo,21216.52,15000,0.0,0
473,2026-02-22 20:00:00,Aminoácidos BCAA 200g,Suplementos,Instagram/Directo,17076.44,12000,0.0,0
474,2026-03-04 10:00:00,Proteína Whey 1kg,Proteínas,Instagram/Directo,35307.94,25000,0.0,3500
475,2026-01-16 11:00:00,Aminoácidos BCAA 200g,Suplementos,Instagram/Directo,17822.51,12000,0.0,0
476,2026-04-20 00:00:00,Proteína Isolate 1kg,Proteínas,ML_Premium,45657.53,32000,13697.26,3500
477,2026-01-08 19:00:00,Glutamina 300g,Suplementos,ML_Clasico,19217.7,14000,2882.65,0
478,2026-02-03 11:00:00,Shaker Pro,Accesorios,Instagram/Directo,5160.74,3500,0.0,0
479,2026-04-28 22:00:00,Proteína Whey 1kg,Proteínas,ML_Clasico,35830.66,25000,5374.6,3500
480,2026-04-19 17:00:00,Proteína Isolate 1kg,Proteínas,Instagram/Directo,45527.03,32000,0.0,3500
481,2026-04-27 22:00:00,Proteína Isolate 1kg,Proteínas,Instagram/Directo,44115.47,32000,0.0,3500
482,2026-01-03 08:00:00,Creatina Monohidrato 500g,Creatinas,ML_Clasico,36880.16,26000,5532.02,3500
483,2026-04-20 10:00:00,Pre-Entreno Explosive,Suplementos,ML_Premium,22233.74,15000,6670.12,0
484,2026-01-07 00:00:00,Shaker Pro,Accesorios,Instagram/Directo,5164.29,3500,0.0,0
485,2026-01-21 19:00:00,Proteína Whey 1kg,Proteínas,ML_Clasico,35359.5,25000,5303.93,3500
487,2026-03-16 21:00:00,Proteína Vegana 900g,Proteínas,ML_Premium,41355.89,28000,12406.77,3500
488,2026-02-14 11:00:00,Straps de Agarre,Accesorios,ML_Clasico,6398.89,4500,959.83,0
489,2026-05-01 00:00:00,Straps de Agarre,Accesorios,Instagram/Directo,6377.79,4500,0.0,0
490,2026-01-18 09:00:00,Creatina Micronizada 300g,Creatinas,ML_Premium,30065.55,21000,9019.67,3500
491,2026-04-03 19:00:00,Proteína Whey 1kg,Proteínas,Instagram/Directo,34505.99,25000,0.0,3500
492,2026-01-04 00:00:00,Proteína Whey 1kg,Proteínas,ML_Premium,34342.73,25000,10302.82,3500
493,2026-03-12 15:00:00,Proteína Isolate 1kg,Proteínas,ML_Premium,46440.96,32000,13932.29,3500
494,2026-04-02 04:00:00,Cinto de Cuero Gym,Accesorios,ML_Clasico,22203.79,15000,3330.57,0
495,2026-04-25 07:00:00,Glutamina 300g,Suplementos,ML_Premium,19553.85,14000,5866.15,0
496,2026-03-29 09:00:00,Proteína Whey 1kg,Proteínas,Instagram/Directo,34001.25,25000,0.0,3500
497,2026-03-29 03:00:00,Proteína Vegana 900g,Proteínas,ML_Premium,38708.46,28000,11612.54,3500
498,2026-03-14 19:00:00,Proteína Isolate 1kg,Proteínas,ML_Clasico,47997.01,32000,7199.55,3500
499,2026-03-08 14:00:00,Shaker Pro,Accesorios,ML_Premium,5078.45,3500,1523.53,0
500,2026-01-22 05:00:00,Creatina Monohidrato 500g,Creatinas,Instagram/Directo,37592.31,26000,0.0,3500
501,2026-01-26 03:00:00,Aminoácidos BCAA 200g,Suplementos,ML_Premium,16407.9,12000,4922.37,0
502,2026-03-13 00:00:00,Proteína Isolate 1kg,Proteínas,ML_Clasico,45224.94,32000,6783.74,3500
504,2026-03-28 03:00:00,Creatina Monohidrato 500g,Creatinas,ML_Clasico,35294.58,26000,5294.19,3500
505,2026-03-10 22:00:00,Creatina Monohidrato 300g,Creatinas,ML_Premium,26837.2,18000,8051.16,0
506,2026-04-12 09:00:00,Pre-Entreno Explosive,Suplementos,Instagram/Directo,20281.33,15000,0.0,0
507,2026-05-01 22:00:00,Shaker Pro,Accesorios,ML_Premium,4999.13,3500,1499.74,0
508,2026-04-12 12:00:00,Aminoácidos BCAA 200g,Suplementos,ML_Premium,17952.34,12000,5385.7,0
509,2026-03-23 07:00:00,Proteína Vegana 900g,Proteínas,ML_Premium,40357.71,28000,12107.31,3500
510,2026-03-12 16:00:00,Pre-Entreno Explosive,Suplementos,ML_Premium,21905.04,15000,6571.51,0
511,2026-03-17 12:00:00,Pre-Entreno Explosive,Suplementos,ML_Clasico,21234.5,15000,3185.17,0
512,2026-03-01 05:00:00,Creatina Micronizada 300g,Creatinas,ML_Clasico,30745.14,21000,4611.77,3500
513,2026-04-15 15:00:00,Creatina Monohidrato 500g,Creatinas,Instagram/Directo,36373.58,26000,0.0,3500
514,2026-01-16 16:00:00,Shaker Pro,Accesorios,ML_Clasico,4730.9,3500,709.64,0
515,2026-04-08 07:00:00,Proteína Whey 1kg,Proteínas,ML_Clasico,37364.6,25000,5604.69,3500
516,2026-02-10 12:00:00,Aminoácidos BCAA 200g,Suplementos,ML_Premium,17095.02,12000,5128.51,0
517,2026-04-08 13:00:00,Aminoácidos BCAA 200g,Suplementos,ML_Premium,17053.73,12000,5116.12,0
518,2026-01-12 15:00:00,Proteína Vegana 900g,Proteínas,Instagram/Directo,39800.92,28000,0.0,3500
519,2026-04-18 14:00:00,Shaker Pro,Accesorios,Instagram/Directo,4922.77,3500,0.0,0
521,2026-04-28 02:00:00,Creatina Monohidrato 500g,Creatinas,ML_Premium,37310.23,26000,11193.07,3500
522,2026-01-21 11:00:00,Proteína Isolate 1kg,Proteínas,ML_Premium,47785.88,32000,14335.76,3500
523,2026-04-09 12:00:00,Aminoácidos BCAA 200g,Suplementos,Instagram/Directo,16765.2,12000,0.0,0
524,2026-01-04 03:00:00,Proteína Isolate 1kg,Proteínas,ML_Clasico,47966.39,32000,7194.96,3500
526,2026-03-31 00:00:00,Straps de Agarre,Accesorios,ML_Premium,6355.35,4500,1906.61,0
527,2026-01-05 01:00:00,Pre-Entreno Explosive,Suplementos,ML_Clasico,20813.11,15000,3121.97,0
528,2026-03-11 04:00:00,Proteína Whey 1kg,Proteínas,Instagram/Directo,34348.0,25000,0.0,3500
529,2026-01-27 07:00:00,Aminoácidos BCAA 200g,Suplementos,Instagram/Directo,17427.57,12000,0.0,0
530,2026-01-17 16:00:00,Proteína Vegana 900g,Proteínas,ML_Premium,40404.46,28000,12121.34,3500
531,2026-02-16 22:00:00,Shaker Pro,Accesorios,Instagram/Directo,4992.9,3500,0.0,0
532,2026-01-24 15:00:00,Glutamina 300g,Suplementos,ML_Clasico,20860.82,14000,3129.12,0
533,2026-04-07 14:00:00,Creatina Monohidrato 500g,Creatinas,Instagram/Directo,36366.65,26000,0.0,3500
534,2026-04-24 18:00:00,Proteína Whey 1kg,Proteínas,ML_Premium,35538.28,25000,10661.48,3500
535,2026-03-07 06:00:00,Creatina Monohidrato 500g,Creatinas,ML_Premium,35432.16,26000,10629.65,3500
536,2026-04-07 07:00:00,Proteína Vegana 900g,Proteínas,ML_Premium,41288.49,28000,12386.55,3500
537,2026-02-15 10:00:00,Creatina Micronizada 300g,Creatinas,Instagram/Directo,29339.32,21000,0.0,0
538,2026-03-12 09:00:00,Creatina Micronizada 300g,Creatinas,ML_Clasico,29040.69,21000,4356.1,0
539,2026-03-09 16:00:00,Proteína Whey 1kg,Proteínas,Instagram/Directo,35192.42,25000,0.0,3500
540,2026-01-29 09:00:00,Aminoácidos BCAA 200g,Suplementos,ML_Premium,17360.78,12000,5208.24,0
541,2026-04-11 19:00:00,Creatina Monohidrato 500g,Creatinas,Instagram/Directo,38479.4,26000,0.0,3500
542,2026-03-01 15:00:00,Creatina Monohidrato 500g,Creatinas,ML_Premium,37349.09,26000,11204.73,3500
543,2026-02-13 15:00:00,Glutamina 300g,Suplementos,ML_Clasico,19742.88,14000,2961.43,0
544,2026-01-11 19:00:00,Creatina Monohidrato 300g,Creatinas,ML_Clasico,26077.23,18000,3911.58,0
545,2026-03-30 19:00:00,Proteína Isolate 1kg,Proteínas,ML_Clasico,44396.57,32000,6659.49,3500
546,2026-03-04 03:00:00,Glutamina 300g,Suplementos,Instagram/Directo,19502.13,14000,0.0,0
547,2026-03-26 14:00:00,Creatina Monohidrato 300g,Creatinas,ML_Premium,25393.07,18000,7617.92,0
548,2026-03-09 19:00:00,Glutamina 300g,Suplementos,Instagram/Directo,20145.19,14000,0.0,0
549,2026-01-12 15:00:00,Glutamina 300g,Suplementos,Instagram/Directo,19426.9,14000,0.0,0
550,2026-02-16 13:00:00,Shaker Pro,Accesorios,ML_Clasico,5087.18,3500,763.08,0
552,2026-01-31 23:00:00,Shaker Pro,Accesorios,ML_Premium,4974.94,3500,1492.48,0
553,2026-01-19 07:00:00,Straps de Agarre,Accesorios,Instagram/Directo,6191.39,4500,0.0,0
554,2026-04-08 06:00:00,Proteína Whey 1kg,Proteínas,ML_Premium,34705.31,25000,10411.59,3500
555,2026-03-27 11:00:00,Creatina Monohidrato 500g,Creatinas,ML_Premium,37091.64,26000,11127.49,3500
556,2026-02-11 13:00:00,Proteína Isolate 1kg,Proteínas,ML_Clasico,45527.36,32000,6829.1,3500
557,2026-02-18 20:00:00,Pre-Entreno Explosive,Suplementos,ML_Clasico,22417.74,15000,3362.66,0
558,2026-03-24 02:00:00,Creatina Monohidrato 500g,Creatinas,ML_Clasico,35556.59,26000,5333.49,3500
559,2026-01-06 12:00:00,Creatina Monohidrato 500g,Creatinas,ML_Premium,38251.31,26000,11475.39,3500
560,2026-02-02 23:00:00,Creatina Micronizada 300g,Creatinas,Instagram/Directo,29827.07,21000,0.0,0
561,2026-04-15 17:00:00,Aminoácidos BCAA 200g,Suplementos,ML_Premium,17779.23,12000,5333.77,0
562,2026-03-08 13:00:00,Creatina Monohidrato 300g,Creatinas,ML_Premium,26683.65,18000,8005.1,0
563,2026-01-30 01:00:00,Straps de Agarre,Accesorios,Instagram/Directo,6121.66,4500,0.0,0
564,2026-03-26 00:00:00,Proteína Vegana 900g,Proteínas,ML_Clasico,39835.46,28000,5975.32,3500
565,2026-04-09 15:00:00,Creatina Monohidrato 500g,Creatinas,ML_Clasico,36409.98,26000,5461.5,3500
566,2026-03-03 19:00:00,Cinto de Cuero Gym,Accesorios,ML_Premium,21869.14,15000,6560.74,0
567,2026-02-10 18:00:00,Shaker Pro,Accesorios,ML_Clasico,4852.14,3500,727.82,0
568,2026-02-06 20:00:00,Proteína Vegana 900g,Proteínas,ML_Clasico,41496.98,28000,6224.55,3500
569,2026-02-13 08:00:00,Shaker Pro,Accesorios,ML_Clasico,5213.46,3500,782.02,0
570,2026-03-26 14:00:00,Pre-Entreno Explosive,Suplementos,ML_Clasico,22380.02,15000,3357.0,0
571,2026-04-04 07:00:00,Aminoácidos BCAA 200g,Suplementos,ML_Premium,16517.79,12000,4955.34,0
572,2026-03-24 18:00:00,Aminoácidos BCAA 200g,Suplementos,ML_Premium,16915.44,12000,5074.63,0
573,2026-03-02 15:00:00,Creatina Micronizada 300g,Creatinas,ML_Premium,29680.76,21000,8904.23,0
574,2026-01-03 20:00:00,Shaker Pro,Accesorios,Instagram/Directo,4728.9,3500,0.0,0
575,2026-02-03 20:00:00,Cinto de Cuero Gym,Accesorios,ML_Premium,21819.79,15000,6545.94,0
576,2026-04-19 20:00:00,Proteína Isolate 1kg,Proteínas,ML_Clasico,46096.35,32000,6914.45,3500
577,2026-03-25 12:00:00,Proteína Whey 1kg,Proteínas,Instagram/Directo,36935.73,25000,0.0,3500
578,2026-01-01 11:00:00,Creatina Micronizada 300g,Creatinas,Instagram/Directo,31199.38,21000,0.0,3500
579,2026-04-04 05:00:00,Straps de Agarre,Accesorios,Instagram/Directo,6316.85,4500,0.0,0
580,2026-02-22 15:00:00,Straps de Agarre,Accesorios,ML_Premium,6192.84,4500,1857.85,0
581,2026-01-10 00:00:00,Aminoácidos BCAA 200g,Suplementos,ML_Clasico,16679.8,12000,2501.97,0
582,2026-02-12 16:00:00,Glutamina 300g,Suplementos,ML_Clasico,20051.6,14000,3007.74,0
583,2026-04-04 01:00:00,Proteína Whey 1kg,Proteínas,ML_Premium,35356.38,25000,10606.91,3500
584,2026-02-16 21:00:00,Aminoácidos BCAA 200g,Suplementos,Instagram/Directo,17326.19,12000,0.0,0
585,2026-01-09 23:00:00,Straps de Agarre,Accesorios,ML_Clasico,6507.8,4500,976.17,0
586,2026-04-10 06:00:00,Straps de Agarre,Accesorios,Instagram/Directo,6464.0,4500,0.0,0
587,2026-01-07 02:00:00,Creatina Micronizada 300g,Creatinas,ML_Premium,29398.18,21000,8819.45,0
588,2026-03-02 08:00:00,Proteína Vegana 900g,Proteínas,ML_Clasico,41328.8,28000,6199.32,3500
589,2026-03-05 19:00:00,Creatina Monohidrato 300g,Creatinas,ML_Clasico,25866.93,18000,3880.04,0
590,2026-03-17 02:00:00,Pre-Entreno Explosive,Suplementos,Instagram/Directo,20613.8,15000,0.0,0
591,2026-04-25 23:00:00,Aminoácidos BCAA 200g,Suplementos,ML_Clasico,16754.82,12000,2513.22,0
592,2026-04-06 19:00:00,Cinto de Cuero Gym,Accesorios,Instagram/Directo,21668.43,15000,0.0,0
593,2026-04-01 03:00:00,Straps de Agarre,Accesorios,ML_Premium,6499.21,4500,1949.76,0
594,2026-02-02 00:00:00,Pre-Entreno Explosive,Suplementos,ML_Premium,21210.52,15000,6363.16,0
595,2026-03-28 04:00:00,Creatina Micronizada 300g,Creatinas,ML_Premium,31023.75,21000,9307.12,3500
596,2026-01-30 00:00:00,Aminoácidos BCAA 200g,Suplementos,Instagram/Directo,16583.68,12000,0.0,0
597,2026-01-18 07:00:00,Cinto de Cuero Gym,Accesorios,Instagram/Directo,21216.85,15000,0.0,0
598,2026-01-11 10:00:00,Creatina Monohidrato 500g,Creatinas,Instagram/Directo,36855.98,26000,0.0,3500
599,2026-02-12 19:00:00,Creatina Monohidrato 300g,Creatinas,ML_Premium,26882.54,18000,8064.76,0
600,2026-01-31 11:00:00,Shaker Pro,Accesorios,Instagram/Directo,4839.95,3500,0.0,0
602,2026-04-12 16:00:00,Pre-Entreno Explosive,Suplementos,Instagram/Directo,20317.75,15000,0.0,0
603,2026-02-27 20:00:00,Proteína Whey 1kg,Proteínas,ML_Premium,34482.44,25000,10344.73,3500
604,2026-03-10 05:00:00,Shaker Pro,Accesorios,ML_Premium,5121.13,3500,1536.34,0
605,2026-04-29 00:00:00,Proteína Whey 1kg,Proteínas,ML_Clasico,34592.39,25000,5188.86,3500
606,2026-02-22 04:00:00,Creatina Monohidrato 500g,Creatinas,Instagram/Directo,37758.57,26000,0.0,3500
607,2026-03-11 19:00:00,Pre-Entreno Explosive,Suplementos,ML_Clasico,20305.23,15000,3045.78,0
608,2026-01-16 04:00:00,Shaker Pro,Accesorios,ML_Premium,4922.93,3500,1476.88,0
609,2026-02-09 02:00:00,Glutamina 300g,Suplementos,ML_Clasico,19250.95,14000,2887.64,0
610,2026-04-28 04:00:00,Proteína Whey 1kg,Proteínas,Instagram/Directo,35655.29,25000,0.0,3500
611,2026-04-06 17:00:00,Cinto de Cuero Gym,Accesorios,Instagram/Directo,21132.92,15000,0.0,0
612,2026-02-12 00:00:00,Cinto de Cuero Gym,Accesorios,ML_Clasico,21614.49,15000,3242.17,0
613,2026-04-17 15:00:00,Glutamina 300g,Suplementos,Instagram/Directo,19313.83,14000,0.0,0
614,2026-03-11 09:00:00,Glutamina 300g,Suplementos,ML_Premium,20168.91,14000,6050.67,0
615,2026-04-22 10:00:00,Creatina Monohidrato 300g,Creatinas,ML_Premium,24392.94,18000,7317.88,0
616,2026-04-16 13:00:00,Cinto de Cuero Gym,Accesorios,Instagram/Directo,21915.97,15000,0.0,0
617,2026-03-02 05:00:00,Glutamina 300g,Suplementos,ML_Clasico,20799.45,14000,3119.92,0
618,2026-01-30 07:00:00,Proteína Isolate 1kg,Proteínas,Instagram/Directo,43294.44,32000,0.0,3500
619,2026-02-27 01:00:00,Aminoácidos BCAA 200g,Suplementos,Instagram/Directo,16510.17,12000,0.0,0
620,2026-01-31 13:00:00,Pre-Entreno Explosive,Suplementos,ML_Clasico,21500.13,15000,3225.02,0
621,2026-01-09 12:00:00,Proteína Vegana 900g,Proteínas,Instagram/Directo,38274.16,28000,0.0,3500
622,2026-02-08 22:00:00,Creatina Monohidrato 300g,Creatinas,Instagram/Directo,26849.76,18000,0.0,0
623,2026-02-26 19:00:00,Straps de Agarre,Accesorios,Instagram/Directo,6390.59,4500,0.0,0
624,2026-01-12 08:00:00,Shaker Pro,Accesorios,ML_Clasico,5100.11,3500,765.02,0
625,2026-04-07 18:00:00,Shaker Pro,Accesorios,ML_Premium,5190.45,3500,1557.14,0
626,2026-01-19 23:00:00,Pre-Entreno Explosive,Suplementos,ML_Premium,21077.08,15000,6323.12,0
627,2026-01-07 04:00:00,Proteína Isolate 1kg,Proteínas,ML_Premium,43354.4,32000,13006.32,3500
628,2026-02-25 00:00:00,Pre-Entreno Explosive,Suplementos,ML_Clasico,20408.85,15000,3061.33,0
629,2026-03-04 07:00:00,Cinto de Cuero Gym,Accesorios,Instagram/Directo,21182.68,15000,0.0,0
630,2026-03-17 18:00:00,Straps de Agarre,Accesorios,Instagram/Directo,6701.57,4500,0.0,0
631,2026-01-25 07:00:00,Creatina Micronizada 300g,Creatinas,ML_Clasico,31344.93,21000,4701.74,3500
632,2026-04-11 15:00:00,Glutamina 300g,Suplementos,ML_Premium,20149.25,14000,6044.77,0
633,2026-01-17 02:00:00,Cinto de Cuero Gym,Accesorios,Instagram/Directo,21730.81,15000,0.0,0
634,2026-04-21 12:00:00,Creatina Monohidrato 500g,Creatinas,ML_Clasico,36423.47,26000,5463.52,3500
635,2026-02-06 11:00:00,Creatina Monohidrato 300g,Creatinas,Instagram/Directo,26735.46,18000,0.0,0
636,2026-04-06 16:00:00,Creatina Monohidrato 300g,Creatinas,ML_Clasico,24591.5,18000,3688.73,0
637,2026-03-09 01:00:00,Creatina Monohidrato 300g,Creatinas,ML_Clasico,25156.08,18000,3773.41,0
638,2026-04-15 20:00:00,Creatina Micronizada 300g,Creatinas,ML_Premium,29544.95,21000,8863.48,0
639,2026-01-13 04:00:00,Straps de Agarre,Accesorios,ML_Clasico,6180.94,4500,927.14,0
640,2026-03-29 01:00:00,Aminoácidos BCAA 200g,Suplementos,ML_Premium,17374.15,12000,5212.25,0
641,2026-03-01 03:00:00,Aminoácidos BCAA 200g,Suplementos,ML_Premium,16429.08,12000,4928.72,0
642,2026-01-19 17:00:00,Aminoácidos BCAA 200g,Suplementos,Instagram/Directo,17375.75,12000,0.0,0
643,2026-01-07 12:00:00,Proteína Isolate 1kg,Proteínas,ML_Premium,44339.68,32000,13301.9,3500
644,2026-03-07 15:00:00,Proteína Vegana 900g,Proteínas,ML_Clasico,40674.9,28000,6101.23,3500
645,2026-01-12 17:00:00,Pre-Entreno Explosive,Suplementos,ML_Premium,22410.48,15000,6723.14,0
646,2026-04-05 00:00:00,Creatina Monohidrato 300g,Creatinas,ML_Premium,25806.29,18000,7741.89,0
647,2026-02-16 00:00:00,Cinto de Cuero Gym,Accesorios,ML_Clasico,21192.91,15000,3178.94,0
648,2026-03-07 01:00:00,Proteína Whey 1kg,Proteínas,ML_Clasico,36215.72,25000,5432.36,3500
649,2026-01-23 17:00:00,Pre-Entreno Explosive,Suplementos,ML_Premium,21086.88,15000,6326.06,0
650,2026-03-08 21:00:00,Creatina Micronizada 300g,Creatinas,ML_Clasico,30125.22,21000,4518.78,3500
652,2026-02-13 23:00:00,Straps de Agarre,Accesorios,Instagram/Directo,6423.44,4500,0.0,0
653,2026-05-01 05:00:00,Creatina Micronizada 300g,Creatinas,ML_Premium,29486.79,21000,8846.04,0
654,2026-02-20 02:00:00,Creatina Micronizada 300g,Creatinas,Instagram/Directo,30693.16,21000,0.0,3500
655,2026-02-25 21:00:00,Glutamina 300g,Suplementos,ML_Premium,19402.16,14000,5820.65,0
656,2026-02-19 18:00:00,Cinto de Cuero Gym,Accesorios,ML_Clasico,21020.92,15000,3153.14,0
657,2026-01-29 03:00:00,Cinto de Cuero Gym,Accesorios,ML_Clasico,21363.62,15000,3204.54,0
658,2026-04-24 10:00:00,Cinto de Cuero Gym,Accesorios,Instagram/Directo,21997.01,15000,0.0,0
659,2026-02-25 18:00:00,Proteína Whey 1kg,Proteínas,ML_Premium,34487.62,25000,10346.29,3500
660,2026-04-26 03:00:00,Proteína Vegana 900g,Proteínas,Instagram/Directo,41092.78,28000,0.0,3500
661,2026-02-25 08:00:00,Shaker Pro,Accesorios,ML_Clasico,5159.22,3500,773.88,0
662,2026-03-20 21:00:00,Creatina Monohidrato 500g,Creatinas,ML_Premium,38066.24,26000,11419.87,3500
663,2026-01-08 20:00:00,Straps de Agarre,Accesorios,Instagram/Directo,6348.28,4500,0.0,0
664,2026-02-13 18:00:00,Creatina Micronizada 300g,Creatinas,ML_Premium,29228.31,21000,8768.49,0
665,2026-01-28 02:00:00,Creatina Monohidrato 300g,Creatinas,ML_Premium,26769.4,18000,8030.82,0
666,2026-01-03 08:00:00,Aminoácidos BCAA 200g,Suplementos,ML_Clasico,17812.3,12000,2671.85,0
667,2026-01-01 23:00:00,Pre-Entreno Explosive,Suplementos,ML_Clasico,21384.05,15000,3207.61,0
668,2026-02-11 23:00:00,Glutamina 300g,Suplementos,ML_Premium,20969.9,14000,6290.97,0
669,2026-03-07 11:00:00,Creatina Micronizada 300g,Creatinas,ML_Clasico,30414.45,21000,4562.17,3500
670,2026-04-09 03:00:00,Shaker Pro,Accesorios,ML_Premium,5022.67,3500,1506.8,0
671,2026-02-01 13:00:00,Pre-Entreno Explosive,Suplementos,Instagram/Directo,21301.45,15000,0.0,0
672,2026-04-24 14:00:00,Cinto de Cuero Gym,Accesorios,Instagram/Directo,20840.23,15000,0.0,0
673,2026-01-31 16:00:00,Pre-Entreno Explosive,Suplementos,ML_Clasico,21396.6,15000,3209.49,0
674,2026-02-06 20:00:00,Creatina Monohidrato 300g,Creatinas,Instagram/Directo,26774.4,18000,0.0,0
675,2026-04-08 03:00:00,Pre-Entreno Explosive,Suplementos,ML_Clasico,20678.31,15000,3101.75,0
676,2026-04-10 09:00:00,Straps de Agarre,Accesorios,ML_Clasico,6391.56,4500,958.73,0
677,2026-01-28 08:00:00,Proteína Vegana 900g,Proteínas,Instagram/Directo,41001.48,28000,0.0,3500
678,2026-01-16 07:00:00,Proteína Whey 1kg,Proteínas,ML_Premium,35850.89,25000,10755.27,3500
679,2026-01-29 03:00:00,Creatina Monohidrato 500g,Creatinas,ML_Premium,36418.88,26000,10925.66,3500
680,2026-03-21 19:00:00,Glutamina 300g,Suplementos,ML_Clasico,20909.18,14000,3136.38,0
681,2026-02-26 04:00:00,Creatina Monohidrato 500g,Creatinas,ML_Clasico,37831.52,26000,5674.73,3500
682,2026-04-22 04:00:00,Aminoácidos BCAA 200g,Suplementos,ML_Clasico,16723.43,12000,2508.52,0
683,2026-03-01 18:00:00,Cinto de Cuero Gym,Accesorios,ML_Premium,21389.51,15000,6416.85,0
684,2026-02-18 11:00:00,Proteína Whey 1kg,Proteínas,ML_Premium,34627.91,25000,10388.37,3500
685,2026-02-06 21:00:00,Straps de Agarre,Accesorios,Instagram/Directo,6496.0,4500,0.0,0
686,2026-02-01 22:00:00,Pre-Entreno Explosive,Suplementos,Instagram/Directo,20320.11,15000,0.0,0
687,2026-01-07 13:00:00,Creatina Monohidrato 300g,Creatinas,ML_Premium,25877.88,18000,7763.37,0
688,2026-04-24 06:00:00,Pre-Entreno Explosive,Suplementos,ML_Premium,21238.81,15000,6371.64,0
689,2026-03-18 23:00:00,Creatina Monohidrato 300g,Creatinas,ML_Premium,24479.63,18000,7343.89,0
691,2026-04-14 03:00:00,Cinto de Cuero Gym,Accesorios,ML_Premium,21808.08,15000,6542.42,0
692,2026-01-13 15:00:00,Aminoácidos BCAA 200g,Suplementos,ML_Clasico,17379.07,12000,2606.86,0
693,2026-04-05 17:00:00,Glutamina 300g,Suplementos,ML_Premium,18971.97,14000,5691.59,0
694,2026-02-05 00:00:00,Proteína Vegana 900g,Proteínas,ML_Clasico,39480.93,28000,5922.14,3500
695,2026-04-22 07:00:00,Glutamina 300g,Suplementos,ML_Clasico,20565.91,14000,3084.89,0
696,2026-02-18 06:00:00,Pre-Entreno Explosive,Suplementos,ML_Premium,22034.7,15000,6610.41,0
697,2026-02-05 07:00:00,Shaker Pro,Accesorios,ML_Premium,4939.66,3500,1481.9,0
698,2026-02-25 01:00:00,Proteína Isolate 1kg,Proteínas,ML_Premium,47309.46,32000,14192.84,3500
699,2026-01-12 16:00:00,Cinto de Cuero Gym,Accesorios,ML_Premium,20427.76,15000,6128.33,0
700,2026-02-14 09:00:00,Proteína Whey 1kg,Proteínas,ML_Clasico,34251.88,25000,5137.78,3500
701,2026-03-02 17:00:00,Proteína Isolate 1kg,Proteínas,ML_Clasico,45923.77,32000,6888.57,3500
702,2026-03-21 08:00:00,Cinto de Cuero Gym,Accesorios,Instagram/Directo,21666.64,15000,0.0,0
703,2026-01-06 06:00:00,Glutamina 300g,Suplementos,Instagram/Directo,20608.54,14000,0.0,0
704,2026-03-04 09:00:00,Creatina Monohidrato 500g,Creatinas,ML_Clasico,37743.7,26000,5661.55,3500
705,2026-03-10 12:00:00,Creatina Monohidrato 300g,Creatinas,Instagram/Directo,25672.17,18000,0.0,0
706,2026-04-10 06:00:00,Aminoácidos BCAA 200g,Suplementos,Instagram/Directo,16257.56,12000,0.0,0
707,2026-03-28 01:00:00,Cinto de Cuero Gym,Accesorios,ML_Premium,21316.0,15000,6394.8,0
708,2026-02-26 20:00:00,Proteína Isolate 1kg,Proteínas,ML_Clasico,44029.48,32000,6604.42,3500
709,2026-03-25 00:00:00,Pre-Entreno Explosive,Suplementos,ML_Clasico,22457.23,15000,3368.58,0
711,2026-02-27 05:00:00,Creatina Monohidrato 300g,Creatinas,Instagram/Directo,25645.15,18000,0.0,0
712,2026-02-12 03:00:00,Pre-Entreno Explosive,Suplementos,Instagram/Directo,21049.35,15000,0.0,0
713,2026-02-27 04:00:00,Pre-Entreno Explosive,Suplementos,ML_Clasico,21201.21,15000,3180.18,0
714,2026-01-20 07:00:00,Aminoácidos BCAA 200g,Suplementos,ML_Clasico,17897.02,12000,2684.55,0
715,2026-02-04 13:00:00,Cinto de Cuero Gym,Accesorios,ML_Premium,21758.53,15000,6527.56,0
716,2026-03-02 10:00:00,Proteína Vegana 900g,Proteínas,ML_Clasico,40573.6,28000,6086.04,3500
717,2026-01-04 05:00:00,Aminoácidos BCAA 200g,Suplementos,ML_Premium,16456.01,12000,4936.8,0
718,2026-01-30 18:00:00,Creatina Monohidrato 500g,Creatinas,ML_Clasico,36914.61,26000,5537.19,3500
719,2026-02-18 03:00:00,Proteína Vegana 900g,Proteínas,ML_Premium,39648.59,28000,11894.58,3500
720,2026-03-11 11:00:00,Proteína Whey 1kg,Proteínas,ML_Premium,36527.53,25000,10958.26,3500
721,2026-01-06 04:00:00,Glutamina 300g,Suplementos,Instagram/Directo,19928.33,14000,0.0,0
722,2026-03-03 05:00:00,Proteína Isolate 1kg,Proteínas,Instagram/Directo,46321.47,32000,0.0,3500
723,2026-01-17 04:00:00,Glutamina 300g,Suplementos,ML_Clasico,19739.99,14000,2961.0,0
724,2026-04-19 13:00:00,Cinto de Cuero Gym,Accesorios,Instagram/Directo,21407.5,15000,0.0,0
725,2026-03-05 11:00:00,Shaker Pro,Accesorios,ML_Premium,5130.53,3500,1539.16,0
726,2026-01-24 09:00:00,Cinto de Cuero Gym,Accesorios,ML_Clasico,21673.97,15000,3251.1,0
727,2026-03-05 08:00:00,Proteína Vegana 900g,Proteínas,ML_Premium,39616.56,28000,11884.97,3500
728,2026-03-18 23:00:00,Straps de Agarre,Accesorios,Instagram/Directo,6527.55,4500,0.0,0
729,2026-04-23 16:00:00,Proteína Vegana 900g,Proteínas,ML_Clasico,41793.12,28000,6268.97,3500
730,2026-04-24 14:00:00,Straps de Agarre,Accesorios,Instagram/Directo,6202.81,4500,0.0,0
731,2026-04-09 23:00:00,Creatina Monohidrato 500g,Creatinas,ML_Premium,35739.11,26000,10721.73,3500
732,2026-02-23 22:00:00,Proteína Vegana 900g,Proteínas,Instagram/Directo,39113.42,28000,0.0,3500
733,2026-03-21 04:00:00,Glutamina 300g,Suplementos,Instagram/Directo,20978.66,14000,0.0,0
734,2026-02-10 12:00:00,Straps de Agarre,Accesorios,Instagram/Directo,6190.24,4500,0.0,0
735,2026-01-11 18:00:00,Glutamina 300g,Suplementos,Instagram/Directo,20886.3,14000,0.0,0
736,2026-03-23 14:00:00,Aminoácidos BCAA 200g,Suplementos,ML_Premium,17339.82,12000,5201.95,0
737,2026-01-13 22:00:00,Cinto de Cuero Gym,Accesorios,ML_Clasico,21931.36,15000,3289.7,0
739,2026-03-05 06:00:00,Creatina Monohidrato 500g,Creatinas,Instagram/Directo,38229.78,26000,0.0,3500
740,2026-02-03 05:00:00,Creatina Micronizada 300g,Creatinas,Instagram/Directo,30473.65,21000,0.0,3500
741,2026-03-03 08:00:00,Shaker Pro,Accesorios,ML_Clasico,5210.58,3500,781.59,0
742,2026-02-09 06:00:00,Proteína Vegana 900g,Proteínas,Instagram/Directo,40092.7,28000,0.0,3500
743,2026-03-23 22:00:00,Creatina Monohidrato 500g,Creatinas,ML_Premium,38866.52,26000,11659.95,3500
744,2026-01-08 05:00:00,Cinto de Cuero Gym,Accesorios,Instagram/Directo,22363.76,15000,0.0,0
745,2026-03-17 20:00:00,Cinto de Cuero Gym,Accesorios,ML_Premium,22397.86,15000,6719.36,0
746,2026-02-01 16:00:00,Aminoácidos BCAA 200g,Suplementos,ML_Clasico,17507.83,12000,2626.17,0
747,2026-04-06 11:00:00,Straps de Agarre,Accesorios,ML_Clasico,6285.37,4500,942.81,0
748,2026-04-25 06:00:00,Creatina Monohidrato 500g,Creatinas,ML_Clasico,35272.12,26000,5290.82,3500
749,2026-04-17 04:00:00,Pre-Entreno Explosive,Suplementos,ML_Premium,20506.96,15000,6152.09,0
750,2026-02-20 02:00:00,Proteína Isolate 1kg,Proteínas,ML_Premium,44419.2,32000,13325.76,3500
751,2026-01-31 19:00:00,Creatina Micronizada 300g,Creatinas,Instagram/Directo,30212.54,21000,0.0,3500
752,2026-02-06 02:00:00,Cinto de Cuero Gym,Accesorios,ML_Premium,21393.75,15000,6418.12,0
753,2026-02-26 00:00:00,Straps de Agarre,Accesorios,ML_Premium,6166.89,4500,1850.07,0
754,2026-04-11 11:00:00,Proteína Whey 1kg,Proteínas,Instagram/Directo,37081.7,25000,0.0,3500
755,2026-02-03 05:00:00,Pre-Entreno Explosive,Suplementos,Instagram/Directo,20349.97,15000,0.0,0
756,2026-04-24 16:00:00,Pre-Entreno Explosive,Suplementos,ML_Premium,22269.5,15000,6680.85,0
757,2026-01-08 13:00:00,Proteína Whey 1kg,Proteínas,ML_Clasico,33829.82,25000,5074.47,3500
758,2026-03-13 03:00:00,Pre-Entreno Explosive,Suplementos,Instagram/Directo,22495.36,15000,0.0,0
759,2026-01-19 21:00:00,Proteína Vegana 900g,Proteínas,ML_Premium,39626.69,28000,11888.01,3500
760,2026-01-24 05:00:00,Creatina Micronizada 300g,Creatinas,Instagram/Directo,31071.54,21000,0.0,3500
762,2026-02-24 22:00:00,Cinto de Cuero Gym,Accesorios,ML_Premium,20713.9,15000,6214.17,0
763,2026-02-18 17:00:00,Pre-Entreno Explosive,Suplementos,ML_Premium,22326.31,15000,6697.89,0
764,2026-04-23 06:00:00,Proteína Isolate 1kg,Proteínas,ML_Clasico,43485.77,32000,6522.87,3500
765,2026-04-03 18:00:00,Creatina Micronizada 300g,Creatinas,ML_Clasico,29041.76,21000,4356.26,0
766,2026-01-27 19:00:00,Creatina Micronizada 300g,Creatinas,ML_Premium,29428.96,21000,8828.69,0
767,2026-01-06 20:00:00,Glutamina 300g,Suplementos,ML_Premium,19238.69,14000,5771.61,0
768,2026-04-02 21:00:00,Creatina Micronizada 300g,Creatinas,ML_Premium,30461.03,21000,9138.31,3500
769,2026-04-25 23:00:00,Proteína Isolate 1kg,Proteínas,Instagram/Directo,45000.45,32000,0.0,3500
770,2026-04-10 03:00:00,Proteína Vegana 900g,Proteínas,ML_Clasico,38509.05,28000,5776.36,3500
771,2026-03-12 15:00:00,Aminoácidos BCAA 200g,Suplementos,ML_Clasico,16688.32,12000,2503.25,0
772,2026-01-01 14:00:00,Cinto de Cuero Gym,Accesorios,ML_Premium,21985.45,15000,6595.64,0
773,2026-01-27 00:00:00,Pre-Entreno Explosive,Suplementos,Instagram/Directo,21860.93,15000,0.0,0
774,2026-01-31 00:00:00,Creatina Micronizada 300g,Creatinas,ML_Premium,29668.31,21000,8900.49,0
775,2026-01-10 08:00:00,Pre-Entreno Explosive,Suplementos,ML_Clasico,20880.12,15000,3132.02,0
776,2026-01-09 12:00:00,Proteína Isolate 1kg,Proteínas,ML_Clasico,43774.09,32000,6566.11,3500
777,2026-02-27 09:00:00,Creatina Monohidrato 500g,Creatinas,ML_Clasico,37002.25,26000,5550.34,3500
779,2026-03-26 08:00:00,Proteína Isolate 1kg,Proteínas,ML_Clasico,45488.61,32000,6823.29,3500
780,2026-02-14 12:00:00,Proteína Isolate 1kg,Proteínas,ML_Premium,44525.12,32000,13357.54,3500
781,2026-01-30 08:00:00,Shaker Pro,Accesorios,Instagram/Directo,4952.8,3500,0.0,0
782,2026-03-16 11:00:00,Proteína Whey 1kg,Proteínas,Instagram/Directo,36538.11,25000,0.0,3500
783,2026-04-15 19:00:00,Aminoácidos BCAA 200g,Suplementos,ML_Clasico,16260.84,12000,2439.13,0
784,2026-02-24 15:00:00,Creatina Monohidrato 500g,Creatinas,ML_Clasico,38422.37,26000,5763.36,3500
785,2026-03-31 11:00:00,Aminoácidos BCAA 200g,Suplementos,ML_Premium,16971.53,12000,5091.46,0
786,2026-01-14 01:00:00,Proteína Isolate 1kg,Proteínas,ML_Premium,43996.76,32000,13199.03,3500
787,2026-01-12 06:00:00,Creatina Monohidrato 500g,Creatinas,ML_Clasico,38904.53,26000,5835.68,3500
788,2026-02-02 09:00:00,Proteína Vegana 900g,Proteínas,Instagram/Directo,40571.72,28000,0.0,3500
789,2026-03-18 22:00:00,Shaker Pro,Accesorios,Instagram/Directo,4814.33,3500,0.0,0
790,2026-02-01 00:00:00,Cinto de Cuero Gym,Accesorios,Instagram/Directo,22254.64,15000,0.0,0
791,2026-01-28 10:00:00,Aminoácidos BCAA 200g,Suplementos,Instagram/Directo,17803.43,12000,0.0,0
792,2026-03-16 01:00:00,Glutamina 300g,Suplementos,ML_Clasico,19905.2,14000,2985.78,0
793,2026-01-13 04:00:00,Proteína Whey 1kg,Proteínas,ML_Premium,36862.54,25000,11058.76,3500
794,2026-02-27 07:00:00,Straps de Agarre,Accesorios,ML_Premium,6393.57,4500,1918.07,0
795,2026-04-26 10:00:00,Straps de Agarre,Accesorios,ML_Clasico,6514.75,4500,977.21,0
797,2026-02-17 06:00:00,Creatina Micronizada 300g,Creatinas,Instagram/Directo,29204.57,21000,0.0,0
798,2026-01-30 11:00:00,Cinto de Cuero Gym,Accesorios,ML_Premium,22041.09,15000,6612.33,0
799,2026-02-02 23:00:00,Cinto de Cuero Gym,Accesorios,ML_Premium,22334.85,15000,6700.45,0
800,2026-02-07 20:00:00,Cinto de Cuero Gym,Accesorios,ML_Premium,22142.16,15000,6642.65,0
801,2026-02-12 00:00:00,Shaker Pro,Accesorios,ML_Clasico,5028.38,3500,754.26,0
802,2026-01-12 01:00:00,Creatina Micronizada 300g,Creatinas,Instagram/Directo,30005.3,21000,0.0,3500
803,2026-02-25 19:00:00,Proteína Vegana 900g,Proteínas,Instagram/Directo,38314.86,28000,0.0,3500
804,2026-03-03 09:00:00,Straps de Agarre,Accesorios,Instagram/Directo,6582.69,4500,0.0,0
805,2026-04-19 12:00:00,Creatina Monohidrato 300g,Creatinas,ML_Premium,24560.54,18000,7368.16,0
806,2026-01-10 00:00:00,Proteína Vegana 900g,Proteínas,ML_Premium,41672.12,28000,12501.64,3500
807,2026-02-05 20:00:00,Proteína Vegana 900g,Proteínas,ML_Clasico,40639.67,28000,6095.95,3500
808,2026-01-12 02:00:00,Proteína Isolate 1kg,Proteínas,ML_Premium,45621.33,32000,13686.4,3500
809,2026-02-14 02:00:00,Proteína Whey 1kg,Proteínas,ML_Clasico,35276.95,25000,5291.54,3500
810,2026-02-12 04:00:00,Creatina Monohidrato 500g,Creatinas,Instagram/Directo,36562.9,26000,0.0,3500
811,2026-01-24 01:00:00,Glutamina 300g,Suplementos,ML_Clasico,19032.7,14000,2854.91,0
812,2026-03-20 21:00:00,Pre-Entreno Explosive,Suplementos,ML_Premium,22271.93,15000,6681.58,0
813,2026-02-24 04:00:00,Proteína Isolate 1kg,Proteínas,Instagram/Directo,47961.63,32000,0.0,3500
814,2026-04-19 02:00:00,Glutamina 300g,Suplementos,Instagram/Directo,20391.98,14000,0.0,0
815,2026-03-14 22:00:00,Shaker Pro,Accesorios,ML_Premium,5231.33,3500,1569.4,0
816,2026-04-28 14:00:00,Proteína Isolate 1kg,Proteínas,Instagram/Directo,45568.66,32000,0.0,3500
817,2026-03-09 03:00:00,Creatina Monohidrato 500g,Creatinas,ML_Premium,38827.91,26000,11648.37,3500
818,2026-02-06 21:00:00,Pre-Entreno Explosive,Suplementos,ML_Premium,20784.65,15000,6235.4,0
819,2026-03-03 03:00:00,Aminoácidos BCAA 200g,Suplementos,Instagram/Directo,17965.53,12000,0.0,0
820,2026-04-20 09:00:00,Cinto de Cuero Gym,Accesorios,Instagram/Directo,20692.48,15000,0.0,0
821,2026-04-26 01:00:00,Straps de Agarre,Accesorios,ML_Premium,6299.26,4500,1889.78,0
822,2026-04-04 07:00:00,Pre-Entreno Explosive,Suplementos,ML_Clasico,20638.26,15000,3095.74,0
823,2026-02-24 08:00:00,Proteína Vegana 900g,Proteínas,ML_Clasico,38764.9,28000,5814.73,3500
824,2026-04-12 17:00:00,Proteína Whey 1kg,Proteínas,ML_Premium,34013.83,25000,10204.15,3500
825,2026-02-25 07:00:00,Aminoácidos BCAA 200g,Suplementos,ML_Clasico,16731.36,12000,2509.7,0
826,2026-03-07 03:00:00,Creatina Monohidrato 300g,Creatinas,ML_Premium,26968.7,18000,8090.61,0
827,2026-01-20 19:00:00,Shaker Pro,Accesorios,ML_Premium,4839.28,3500,1451.78,0
828,2026-04-27 23:00:00,Cinto de Cuero Gym,Accesorios,ML_Clasico,21684.34,15000,3252.65,0
829,2026-04-08 09:00:00,Cinto de Cuero Gym,Accesorios,ML_Premium,22463.16,15000,6738.95,0
830,2026-04-27 00:00:00,Glutamina 300g,Suplementos,ML_Clasico,19884.48,14000,2982.67,0
831,2026-02-09 01:00:00,Shaker Pro,Accesorios,ML_Clasico,4743.68,3500,711.55,0
832,2026-03-03 23:00:00,Aminoácidos BCAA 200g,Suplementos,ML_Clasico,17568.01,12000,2635.2,0
833,2026-01-03 17:00:00,Proteína Isolate 1kg,Proteínas,ML_Clasico,45504.35,32000,6825.65,3500
834,2026-03-10 11:00:00,Creatina Micronizada 300g,Creatinas,ML_Premium,30939.58,21000,9281.87,3500
835,2026-04-29 17:00:00,Proteína Vegana 900g,Proteínas,ML_Premium,39944.06,28000,11983.22,3500
836,2026-03-22 14:00:00,Straps de Agarre,Accesorios,Instagram/Directo,6332.63,4500,0.0,0
838,2026-04-11 05:00:00,Glutamina 300g,Suplementos,ML_Clasico,19746.19,14000,2961.93,0
839,2026-02-25 10:00:00,Shaker Pro,Accesorios,Instagram/Directo,4760.09,3500,0.0,0
840,2026-02-21 23:00:00,Creatina Monohidrato 500g,Creatinas,Instagram/Directo,36247.18,26000,0.0,3500
841,2026-03-25 18:00:00,Creatina Micronizada 300g,Creatinas,ML_Clasico,29724.58,21000,4458.69,0
842,2026-04-18 04:00:00,Creatina Micronizada 300g,Creatinas,Instagram/Directo,29643.29,21000,0.0,0
843,2026-01-13 07:00:00,Cinto de Cuero Gym,Accesorios,Instagram/Directo,22218.24,15000,0.0,0
844,2026-03-14 14:00:00,Proteína Whey 1kg,Proteínas,Instagram/Directo,34479.98,25000,0.0,3500
845,2026-01-15 23:00:00,Creatina Micronizada 300g,Creatinas,ML_Clasico,30337.37,21000,4550.61,3500
846,2026-03-28 18:00:00,Glutamina 300g,Suplementos,Instagram/Directo,19732.88,14000,0.0,0
847,2026-01-05 16:00:00,Aminoácidos BCAA 200g,Suplementos,ML_Premium,16775.3,12000,5032.59,0
848,2026-03-13 01:00:00,Proteína Isolate 1kg,Proteínas,ML_Premium,45692.87,32000,13707.86,3500
850,2026-02-02 21:00:00,Shaker Pro,Accesorios,ML_Premium,4939.57,3500,1481.87,0
851,2026-02-10 21:00:00,Cinto de Cuero Gym,Accesorios,ML_Premium,21497.41,15000,6449.22,0
852,2026-03-29 19:00:00,Proteína Whey 1kg,Proteínas,ML_Clasico,35466.66,25000,5320.0,3500
853,2026-04-02 08:00:00,Creatina Micronizada 300g,Creatinas,Instagram/Directo,30682.89,21000,0.0,3500
854,2026-01-08 12:00:00,Proteína Isolate 1kg,Proteínas,ML_Clasico,44508.08,32000,6676.21,3500
855,2026-03-19 10:00:00,Creatina Micronizada 300g,Creatinas,Instagram/Directo,30783.43,21000,0.0,3500
856,2026-04-03 10:00:00,Creatina Monohidrato 500g,Creatinas,Instagram/Directo,38007.81,26000,0.0,3500
857,2026-03-02 04:00:00,Cinto de Cuero Gym,Accesorios,Instagram/Directo,21056.84,15000,0.0,0
858,2026-02-26 00:00:00,Proteína Whey 1kg,Proteínas,ML_Premium,34474.49,25000,10342.35,3500
859,2026-02-22 22:00:00,Straps de Agarre,Accesorios,ML_Clasico,6485.73,4500,972.86,0
860,2026-03-09 07:00:00,Straps de Agarre,Accesorios,ML_Clasico,6270.48,4500,940.57,0
861,2026-02-27 15:00:00,Creatina Monohidrato 300g,Creatinas,ML_Premium,26785.86,18000,8035.76,0
862,2026-02-15 22:00:00,Aminoácidos BCAA 200g,Suplementos,Instagram/Directo,17236.18,12000,0.0,0
863,2026-04-02 23:00:00,Proteína Vegana 900g,Proteínas,Instagram/Directo,38708.32,28000,0.0,3500
864,2026-01-22 06:00:00,Aminoácidos BCAA 200g,Suplementos,ML_Clasico,17557.87,12000,2633.68,0
865,2026-01-07 03:00:00,Aminoácidos BCAA 200g,Suplementos,ML_Clasico,16487.03,12000,2473.05,0
866,2026-01-22 01:00:00,Cinto de Cuero Gym,Accesorios,ML_Premium,20881.35,15000,6264.4,0
867,2026-01-05 08:00:00,Creatina Monohidrato 300g,Creatinas,ML_Clasico,24904.19,18000,3735.63,0
868,2026-02-17 06:00:00,Aminoácidos BCAA 200g,Suplementos,Instagram/Directo,16952.91,12000,0.0,0
869,2026-02-28 20:00:00,Proteína Whey 1kg,Proteínas,ML_Clasico,35310.08,25000,5296.51,3500
870,2026-02-12 01:00:00,Proteína Vegana 900g,Proteínas,Instagram/Directo,40754.52,28000,0.0,3500
871,2026-02-11 18:00:00,Aminoácidos BCAA 200g,Suplementos,Instagram/Directo,17785.16,12000,0.0,0
872,2026-02-14 13:00:00,Proteína Whey 1kg,Proteínas,ML_Premium,36589.98,25000,10976.99,3500
873,2026-01-30 22:00:00,Shaker Pro,Accesorios,Instagram/Directo,5067.55,3500,0.0,0
874,2026-03-15 07:00:00,Proteína Isolate 1kg,Proteínas,Instagram/Directo,45667.54,32000,0.0,3500
876,2026-04-09 14:00:00,Straps de Agarre,Accesorios,ML_Clasico,6148.5,4500,922.28,0
877,2026-01-17 22:00:00,Creatina Monohidrato 500g,Creatinas,ML_Clasico,37007.22,26000,5551.08,3500
878,2026-04-08 12:00:00,Creatina Monohidrato 300g,Creatinas,ML_Clasico,24625.13,18000,3693.77,0
879,2026-03-18 20:00:00,Proteína Isolate 1kg,Proteínas,Instagram/Directo,46776.85,32000,0.0,3500
880,2026-03-23 05:00:00,Creatina Micronizada 300g,Creatinas,ML_Clasico,29024.55,21000,4353.68,0
881,2026-04-10 21:00:00,Cinto de Cuero Gym,Accesorios,Instagram/Directo,21898.5,15000,0.0,0
882,2026-04-04 09:00:00,Proteína Vegana 900g,Proteínas,ML_Clasico,40630.23,28000,6094.53,3500
883,2026-01-11 01:00:00,Creatina Monohidrato 500g,Creatinas,Instagram/Directo,35454.36,26000,0.0,3500
884,2026-01-13 21:00:00,Creatina Micronizada 300g,Creatinas,Instagram/Directo,28661.05,21000,0.0,0
885,2026-01-21 06:00:00,Creatina Micronizada 300g,Creatinas,ML_Premium,28516.3,21000,8554.89,0
886,2026-01-01 17:00:00,Proteína Vegana 900g,Proteínas,Instagram/Directo,41189.58,28000,0.0,3500
887,2026-04-10 02:00:00,Creatina Monohidrato 500g,Creatinas,ML_Premium,35848.62,26000,10754.59,3500
888,2026-02-26 00:00:00,Proteína Isolate 1kg,Proteínas,ML_Premium,47948.36,32000,14384.51,3500
889,2026-04-13 06:00:00,Shaker Pro,Accesorios,ML_Clasico,4949.82,3500,742.47,0
890,2026-03-19 01:00:00,Creatina Micronizada 300g,Creatinas,Instagram/Directo,29282.0,21000,0.0,0
891,2026-01-11 21:00:00,Straps de Agarre,Accesorios,Instagram/Directo,6586.14,4500,0.0,0
892,2026-01-14 00:00:00,Shaker Pro,Accesorios,ML_Clasico,4928.5,3500,739.28,0
893,2026-04-25 00:00:00,Proteína Whey 1kg,Proteínas,ML_Clasico,35349.24,25000,5302.39,3500
894,2026-04-29 04:00:00,Creatina Micronizada 300g,Creatinas,ML_Clasico,30156.15,21000,4523.42,3500
895,2026-04-19 04:00:00,Pre-Entreno Explosive,Suplementos,ML_Clasico,21520.75,15000,3228.11,0
896,2026-04-02 01:00:00,Creatina Monohidrato 300g,Creatinas,ML_Clasico,25832.43,18000,3874.87,0
897,2026-02-21 06:00:00,Glutamina 300g,Suplementos,ML_Clasico,19681.85,14000,2952.28,0
898,2026-03-07 02:00:00,Cinto de Cuero Gym,Accesorios,ML_Premium,21854.4,15000,6556.32,0
899,2026-03-15 00:00:00,Aminoácidos BCAA 200g,Suplementos,ML_Premium,17107.05,12000,5132.12,0
900,2026-03-29 11:00:00,Glutamina 300g,Suplementos,Instagram/Directo,19517.54,14000,0.0,0
901,2026-02-04 06:00:00,Proteína Whey 1kg,Proteínas,ML_Premium,35168.58,25000,10550.57,3500
902,2026-01-23 04:00:00,Pre-Entreno Explosive,Suplementos,ML_Premium,22138.8,15000,6641.64,0
903,2026-04-17 18:00:00,Proteína Isolate 1kg,Proteínas,Instagram/Directo,43625.92,32000,0.0,3500
904,2026-02-21 00:00:00,Creatina Monohidrato 500g,Creatinas,ML_Premium,37091.62,26000,11127.49,3500
905,2026-04-09 06:00:00,Proteína Whey 1kg,Proteínas,ML_Premium,35977.7,25000,10793.31,3500
906,2026-04-09 09:00:00,Glutamina 300g,Suplementos,ML_Clasico,20552.64,14000,3082.9,0
907,2026-01-17 09:00:00,Proteína Vegana 900g,Proteínas,Instagram/Directo,39265.13,28000,0.0,3500
908,2026-03-30 23:00:00,Creatina Monohidrato 500g,Creatinas,Instagram/Directo,35593.32,26000,0.0,3500
909,2026-02-12 16:00:00,Shaker Pro,Accesorios,ML_Clasico,5088.6,3500,763.29,0
910,2026-02-04 07:00:00,Cinto de Cuero Gym,Accesorios,ML_Clasico,21727.29,15000,3259.09,0
911,2026-04-26 07:00:00,Proteína Isolate 1kg,Proteínas,Instagram/Directo,44260.49,32000,0.0,3500
912,2026-03-14 23:00:00,Glutamina 300g,Suplementos,ML_Premium,20371.4,14000,6111.42,0
913,2026-01-03 18:00:00,Creatina Monohidrato 300g,Creatinas,ML_Clasico,26010.58,18000,3901.59,0
914,2026-01-20 16:00:00,Creatina Monohidrato 500g,Creatinas,ML_Clasico,35806.75,26000,5371.01,3500
915,2026-01-08 06:00:00,Cinto de Cuero Gym,Accesorios,Instagram/Directo,21084.8,15000,0.0,0
917,2026-04-19 12:00:00,Creatina Monohidrato 500g,Creatinas,Instagram/Directo,37640.48,26000,0.0,3500
918,2026-02-16 20:00:00,Proteína Isolate 1kg,Proteínas,ML_Premium,46928.91,32000,14078.67,3500
919,2026-01-02 12:00:00,Glutamina 300g,Suplementos,ML_Premium,19881.22,14000,5964.37,0
920,2026-01-05 05:00:00,Proteína Whey 1kg,Proteínas,ML_Premium,36815.07,25000,11044.52,3500
921,2026-03-17 13:00:00,Proteína Whey 1kg,Proteínas,ML_Clasico,35727.66,25000,5359.15,3500
922,2026-02-27 01:00:00,Cinto de Cuero Gym,Accesorios,Instagram/Directo,20886.67,15000,0.0,0
923,2026-03-13 18:00:00,Creatina Monohidrato 300g,Creatinas,ML_Clasico,24766.12,18000,3714.92,0
924,2026-02-14 09:00:00,Glutamina 300g,Suplementos,ML_Premium,19276.68,14000,5783.0,0
925,2026-02-04 23:00:00,Cinto de Cuero Gym,Accesorios,ML_Premium,20400.36,15000,6120.11,0
926,2026-02-06 19:00:00,Proteína Whey 1kg,Proteínas,ML_Clasico,36200.0,25000,5430.0,3500
928,2026-01-17 12:00:00,Pre-Entreno Explosive,Suplementos,ML_Clasico,21249.91,15000,3187.49,0
929,2026-03-14 08:00:00,Creatina Monohidrato 300g,Creatinas,ML_Premium,26001.62,18000,7800.48,0
930,2026-01-11 05:00:00,Proteína Whey 1kg,Proteínas,ML_Clasico,37454.57,25000,5618.19,3500
931,2026-02-20 06:00:00,Pre-Entreno Explosive,Suplementos,Instagram/Directo,22047.35,15000,0.0,0
932,2026-02-07 00:00:00,Proteína Vegana 900g,Proteínas,ML_Premium,41062.24,28000,12318.67,3500
933,2026-04-23 11:00:00,Creatina Micronizada 300g,Creatinas,ML_Clasico,30790.18,21000,4618.53,3500
934,2026-04-15 20:00:00,Creatina Monohidrato 300g,Creatinas,ML_Clasico,26725.6,18000,4008.84,0
935,2026-04-21 04:00:00,Glutamina 300g,Suplementos,ML_Premium,19275.08,14000,5782.52,0
937,2026-01-23 04:00:00,Proteína Isolate 1kg,Proteínas,Instagram/Directo,46125.35,32000,0.0,3500
938,2026-04-08 10:00:00,Shaker Pro,Accesorios,ML_Premium,5141.48,3500,1542.45,0
939,2026-01-16 03:00:00,Proteína Whey 1kg,Proteínas,Instagram/Directo,36044.86,25000,0.0,3500
940,2026-04-21 17:00:00,Proteína Whey 1kg,Proteínas,ML_Clasico,34237.77,25000,5135.67,3500
941,2026-04-06 21:00:00,Creatina Micronizada 300g,Creatinas,Instagram/Directo,28445.73,21000,0.0,0
942,2026-04-02 20:00:00,Creatina Monohidrato 300g,Creatinas,Instagram/Directo,24391.99,18000,0.0,0
943,2026-04-16 03:00:00,Cinto de Cuero Gym,Accesorios,Instagram/Directo,21622.22,15000,0.0,0
944,2026-01-27 12:00:00,Aminoácidos BCAA 200g,Suplementos,ML_Premium,17671.22,12000,5301.37,0
945,2026-03-20 05:00:00,Straps de Agarre,Accesorios,Instagram/Directo,6465.7,4500,0.0,0
946,2026-04-11 13:00:00,Creatina Monohidrato 500g,Creatinas,Instagram/Directo,35957.71,26000,0.0,3500
947,2026-03-03 19:00:00,Cinto de Cuero Gym,Accesorios,ML_Clasico,22093.12,15000,3313.97,0
948,2026-04-03 14:00:00,Creatina Monohidrato 500g,Creatinas,ML_Clasico,38799.18,26000,5819.88,3500
949,2026-03-25 09:00:00,Glutamina 300g,Suplementos,ML_Clasico,20975.98,14000,3146.4,0
950,2026-03-25 22:00:00,Creatina Micronizada 300g,Creatinas,Instagram/Directo,28514.85,21000,0.0,0
951,2026-04-08 10:00:00,Shaker Pro,Accesorios,ML_Premium,4837.07,3500,1451.12,0
953,2026-02-05 21:00:00,Creatina Monohidrato 300g,Creatinas,ML_Clasico,25205.83,18000,3780.88,0
954,2026-03-10 08:00:00,Creatina Micronizada 300g,Creatinas,ML_Premium,30688.58,21000,9206.58,3500
955,2026-03-07 03:00:00,Creatina Micronizada 300g,Creatinas,ML_Premium,29287.15,21000,8786.14,0
956,2026-01-04 00:00:00,Shaker Pro,Accesorios,ML_Premium,4806.04,3500,1441.81,0
957,2026-02-14 19:00:00,Pre-Entreno Explosive,Suplementos,ML_Clasico,20377.05,15000,3056.56,0
958,2026-02-07 12:00:00,Pre-Entreno Explosive,Suplementos,ML_Premium,20743.92,15000,6223.18,0
959,2026-02-08 10:00:00,Proteína Whey 1kg,Proteínas,ML_Clasico,34526.17,25000,5178.93,3500
961,2026-04-29 22:00:00,Pre-Entreno Explosive,Suplementos,ML_Clasico,20470.89,15000,3070.63,0
962,2026-03-26 10:00:00,Aminoácidos BCAA 200g,Suplementos,Instagram/Directo,17859.32,12000,0.0,0
963,2026-04-16 21:00:00,Creatina Micronizada 300g,Creatinas,ML_Clasico,28864.43,21000,4329.67,0
965,2026-03-16 02:00:00,Proteína Isolate 1kg,Proteínas,ML_Clasico,47780.98,32000,7167.15,3500
966,2026-04-05 03:00:00,Creatina Monohidrato 500g,Creatinas,ML_Premium,35182.16,26000,10554.65,3500
967,2026-01-20 05:00:00,Creatina Micronizada 300g,Creatinas,Instagram/Directo,29995.86,21000,0.0,0
970,2026-04-29 23:00:00,Shaker Pro,Accesorios,ML_Clasico,5026.36,3500,753.95,0
971,2026-01-23 08:00:00,Pre-Entreno Explosive,Suplementos,ML_Premium,21109.94,15000,6332.98,0
972,2026-02-23 03:00:00,Shaker Pro,Accesorios,Instagram/Directo,5224.67,3500,0.0,0
973,2026-01-25 11:00:00,Cinto de Cuero Gym,Accesorios,ML_Clasico,20660.8,15000,3099.12,0
974,2026-02-28 13:00:00,Proteína Isolate 1kg,Proteínas,ML_Premium,47479.94,32000,14243.98,3500
975,2026-03-31 12:00:00,Pre-Entreno Explosive,Suplementos,ML_Clasico,21300.68,15000,3195.1,0
976,2026-03-04 21:00:00,Proteína Vegana 900g,Proteínas,ML_Clasico,39116.49,28000,5867.47,3500
977,2026-01-02 23:00:00,Aminoácidos BCAA 200g,Suplementos,ML_Premium,17280.45,12000,5184.13,0
978,2026-02-26 22:00:00,Cinto de Cuero Gym,Accesorios,ML_Clasico,20913.55,15000,3137.03,0
979,2026-03-09 00:00:00,Creatina Monohidrato 500g,Creatinas,ML_Premium,37826.22,26000,11347.87,3500
980,2026-04-26 04:00:00,Proteína Whey 1kg,Proteínas,ML_Clasico,35708.7,25000,5356.3,3500
981,2026-02-10 02:00:00,Proteína Vegana 900g,Proteínas,ML_Clasico,38032.57,28000,5704.89,3500
982,2026-03-20 18:00:00,Proteína Vegana 900g,Proteínas,ML_Clasico,40674.43,28000,6101.16,3500
983,2026-02-08 20:00:00,Creatina Micronizada 300g,Creatinas,ML_Premium,31122.18,21000,9336.65,3500
984,2026-02-27 21:00:00,Pre-Entreno Explosive,Suplementos,Instagram/Directo,21015.64,15000,0.0,0
985,2026-03-18 23:00:00,Creatina Micronizada 300g,Creatinas,ML_Clasico,30437.14,21000,4565.57,3500
986,2026-01-16 06:00:00,Aminoácidos BCAA 200g,Suplementos,ML_Clasico,17433.37,12000,2615.01,0
987,2026-01-01 13:00:00,Creatina Monohidrato 500g,Creatinas,ML_Clasico,37723.9,26000,5658.58,3500
988,2026-01-29 06:00:00,Proteína Isolate 1kg,Proteínas,Instagram/Directo,44828.51,32000,0.0,3500
989,2026-03-04 19:00:00,Proteína Whey 1kg,Proteínas,ML_Premium,36001.07,25000,10800.32,3500
990,2026-03-04 15:00:00,Straps de Agarre,Accesorios,Instagram/Directo,6403.18,4500,0.0,0
991,2026-01-09 23:00:00,Shaker Pro,Accesorios,ML_Clasico,4779.21,3500,716.88,0
992,2026-02-28 00:00:00,Creatina Monohidrato 500g,Creatinas,Instagram/Directo,36838.58,26000,0.0,3500
993,2026-01-09 00:00:00,Proteína Whey 1kg,Proteínas,Instagram/Directo,35457.9,25000,0.0,3500
994,2026-02-13 04:00:00,Creatina Monohidrato 500g,Creatinas,ML_Clasico,36520.09,26000,5478.01,3500
995,2026-02-11 15:00:00,Proteína Isolate 1kg,Proteínas,ML_Premium,45347.53,32000,13604.26,3500
996,2026-04-08 01:00:00,Proteína Vegana 900g,Proteínas,ML_Premium,39735.4,28000,11920.62,3500
997,2026-01-12 13:00:00,Proteína Isolate 1kg,Proteínas,Instagram/Directo,44077.71,32000,0.0,3500
998,2026-04-20 08:00:00,Creatina Monohidrato 300g,Creatinas,ML_Premium,25331.74,18000,7599.52,0
999,2026-04-11 23:00:00,Shaker Pro,Accesorios,Instagram/Directo,5025.2,3500,0.0,0
1000,2026-02-20 12:00:00,Proteína Whey 1kg,Proteínas,ML_Premium,35133.55,25000,10540.07,3500
409,2026-01-17 04:00:00,Creatina Monohidrato 300g,Creatinas,ML_Premium,25191.29,18000,7557.39,0
270,2026-02-22 16:00:00,Creatina Monohidrato 500g,Creatinas,Instagram/Directo,36938.16,26000,0.0,3500
846,2026-03-28 18:00:00,Glutamina 300g,Suplementos,Instagram/Directo,19732.88,14000,0.0,0
718,2026-01-30 18:00:00,Creatina Monohidrato 500g,Creatinas,ML_Clasico,36914.61,26000,5537.19,3500
818,2026-02-06 21:00:00,Pre-Entreno Explosive,Suplementos,ML_Premium,20784.65,15000,6235.4,0
382,2026-02-26 08:00:00,Proteína Whey 1kg,Proteínas,Instagram/Directo,35042.52,25000,0.0,3500
812,2026-03-20 21:00:00,Pre-Entreno Explosive,Suplementos,ML_Premium,22271.93,15000,6681.58,0
823,2026-02-24 08:00:00,Proteína Vegana 900g,Proteínas,ML_Clasico,38764.9,28000,5814.73,3500
260,2026-01-20 15:00:00,Cinto de Cuero Gym,Accesorios,ML_Premium,21233.55,15000,6370.06,0
805,2026-04-19 12:00:00,Creatina Monohidrato 300g,Creatinas,ML_Premium,24560.54,18000,7368.16,0
159,2026-01-23 17:00:00,Pre-Entreno Explosive,Suplementos,ML_Premium,21124.24,15000,6337.27,0
570,2026-03-26 14:00:00,Pre-Entreno Explosive,Suplementos,ML_Clasico,22380.02,15000,3357.0,0
680,2026-03-21 19:00:00,Glutamina 300g,Suplementos,ML_Clasico,20909.18,14000,3136.38,0
740,2026-02-03 05:00:00,Creatina Micronizada 300g,Creatinas,Instagram/Directo,30473.65,21000,0.0,3500
828,2026-04-27 23:00:00,Cinto de Cuero Gym,Accesorios,ML_Clasico,21684.34,15000,3252.65,0
903,2026-04-17 18:00:00,Proteína Isolate 1kg,Proteínas,Instagram/Directo,43625.92,32000,0.0,3500
147,2026-02-06 06:00:00,Creatina Monohidrato 500g,Creatinas,Instagram/Directo,36469.38,26000,0.0,3500
662,2026-03-20 21:00:00,Creatina Monohidrato 500g,Creatinas,ML_Premium,38066.24,26000,11419.87,3500
363,2026-03-11 08:00:00,Proteína Whey 1kg,Proteínas,ML_Clasico,35321.38,25000,5298.21,3500
144,2026-03-05 06:00:00,Creatina Monohidrato 500g,Creatinas,Instagram/Directo,35867.82,26000,0.0,3500
11,2026-02-09 23:00:00,Cinto de Cuero Gym,Accesorios,ML_Clasico,20698.33,15000,3104.75,0
98,2026-04-14 03:00:00,Straps de Agarre,Accesorios,Instagram/Directo,6370.54,4500,0.0,0
350,2026-01-17 07:00:00,Proteína Vegana 900g,Proteínas,Instagram/Directo,40120.81,28000,0.0,3500
142,2026-01-02 07:00:00,Proteína Whey 1kg,Proteínas,Instagram/Directo,35325.78,25000,0.0,3500
439,2026-04-16 15:00:00,Shaker Pro,Accesorios,ML_Clasico,4961.3,3500,744.2,0
312,2026-03-27 08:00:00,Proteína Isolate 1kg,Proteínas,Instagram/Directo,44197.41,32000,0.0,3500
114,2026-04-02 07:00:00,Creatina Monohidrato 300g,Creatinas,Instagram/Directo,26239.61,18000,0.0,0
617,2026-03-02 05:00:00,Glutamina 300g,Suplementos,ML_Clasico,20799.45,14000,3119.92,0
